Front,Back,Extra,Tags
"An organization considers using GitHub Copilot to draft customer-facing legal and financial material. Which limitation creates the greatest risk?<br><br>A) Generated content can sound plausible while being inaccurate, so qualified human verification is required<br>B) Generated content needs editorial review, but specialist verification is unnecessary when citations are included<br>C) Generated content is suitable after checking its tone and internal consistency without external verification","A) Generated content can sound plausible while being inaccurate, so qualified human verification is required<br><br>Generative AI can produce inaccurate or fabricated content. High-impact material requires review by qualified people and independent verification.<br><br>Reference: <a href=""https://docs.github.com/en/copilot/get-started/best-practices"">Best practices for using GitHub Copilot - GitHub Docs</a>","The linked official documentation supports the selected answer. The alternatives either describe a different feature, omit a required safeguard, or claim behavior that the documentation does not guarantee.","GH-300 ResponsibleAI ResponsibleAIPrinciples"
"A developer notices that GitHub Copilot occasionally suggests code patterns that could lead to SQL injection vulnerabilities. What is the recommended approach to mitigate this security risk?<br><br>A) Review suggestions and escape values before concatenating them into SQL statements<br>B) Review and validate all suggestions, using parameterized queries instead of string concatenation<br>C) Run integration tests against generated queries while retaining string concatenation for dynamic values","B) Review and validate all suggestions, using parameterized queries instead of string concatenation<br><br>Developers should apply security best practices when reviewing AI suggestions, replacing unsafe patterns with secure alternatives like parameterized queries or prepared statements.<br><br>Reference: <a href=""https://docs.github.com/en/copilot/using-github-copilot/best-practices-for-using-github-copilot"">Best practices for using GitHub Copilot - GitHub Docs</a>","The linked official documentation supports the selected answer. The alternatives either describe a different feature, omit a required safeguard, or claim behavior that the documentation does not guarantee.","GH-300 ResponsibleAI ResponsibleAIPrinciples"
"A team reviews GitHub Copilot output for responsible use. Why should it check generated names, examples, and assumptions for bias?<br><br>A) Generated output needs bias review only when demographic attributes appear explicitly in the prompt, including related files and follow-up requests within the same workflow<br>B) Generated output is neutral when examples come from the current repository's established conventions<br>C) Generated output can reproduce problematic patterns, so people must review it in the application context","C) Generated output can reproduce problematic patterns, so people must review it in the application context<br><br>Copilot output can be inaccurate or inappropriate for a particular context. Human review should include inclusive language, accessibility, and potential impact.<br><br>Reference: <a href=""https://docs.github.com/en/copilot/get-started/best-practices"">Best practices for using GitHub Copilot - GitHub Docs</a>","The linked official documentation supports the selected answer. The alternatives either describe a different feature, omit a required safeguard, or claim behavior that the documentation does not guarantee.","GH-300 ResponsibleAI ResponsibleAIPrinciples"
"A compliance process requires a complete causal explanation and training-source attribution for every code suggestion. Which Copilot limitation is relevant?<br><br>A) Copilot does not provide complete per-suggestion causal reasoning or training-source attribution<br>B) Copilot explanations provide verifiable training-source attribution for suggestions that match public code<br>C) Copilot audit events preserve per-suggestion source attribution but omit only internal model reasoning","A) Copilot does not provide complete per-suggestion causal reasoning or training-source attribution<br><br>Copilot can explain code when asked, but that is different from proving why a model generated a specific output or identifying every training influence.<br><br>Reference: <a href=""https://docs.github.com/en/copilot/get-started/best-practices"">Best practices for using GitHub Copilot - GitHub Docs</a>","The linked official documentation supports the selected answer. The alternatives either describe a different feature, omit a required safeguard, or claim behavior that the documentation does not guarantee.","GH-300 ResponsibleAI ResponsibleAIPrinciples"
"A developer is using GitHub Copilot to generate code for a healthcare application that processes patient data. What is the most important consideration regarding responsible AI usage in this scenario?<br><br>A) Apply standard unit tests without a separate privacy and regulatory review<br>B) Ensuring Copilot suggestions comply with HIPAA and data privacy regulations through manual review<br>C) Use enterprise Copilot policies as the primary evidence that the application's controls are compliant","B) Ensuring Copilot suggestions comply with HIPAA and data privacy regulations through manual review<br><br>When working with regulated data, developers must verify that AI-generated code implements proper security controls, encryption, access logging, and compliance requirements that AI tools cannot guarantee.<br><br>Reference: <a href=""https://docs.github.com/en/copilot/using-github-copilot/best-practices-for-using-github-copilot"">Best practices for using GitHub Copilot - GitHub Docs</a>","The linked official documentation supports the selected answer. The alternatives either describe a different feature, omit a required safeguard, or claim behavior that the documentation does not guarantee.","GH-300 ResponsibleAI ResponsibleAIPrinciples"
"A developer receives a GitHub Copilot suggestion that resembles publicly available code. What responsible action is appropriate?<br><br>A) Review the suggestion only when its structure closely resembles a known external implementation, including related files and follow-up requests within the same workflow<br>B) Accept the suggestion after it compiles because compilation resolves applicable licensing concerns<br>C) Review matching-code information when available and evaluate applicable licenses before using the code","C) Review matching-code information when available and evaluate applicable licenses before using the code<br><br>Developers remain responsible for evaluating generated code, including possible public-code matches and applicable license obligations.<br><br>Reference: <a href=""https://docs.github.com/en/copilot/get-started/best-practices"">Best practices for using GitHub Copilot - GitHub Docs</a>","The linked official documentation supports the selected answer. The alternatives either describe a different feature, omit a required safeguard, or claim behavior that the documentation does not guarantee.","GH-300 ResponsibleAI ResponsibleAIPrinciples"
"A maintainer receives an AI-assisted pull request to an open-source project. What should determine whether the contributor must disclose use of GitHub Copilot?<br><br>A) The project’s contribution rules and any applicable organizational policy<br>B) The contributor's Copilot plan because disclosure requirements differ between individual and business plans<br>C) The percentage of changed lines produced with Copilot, independent of repository contribution rules","A) The project’s contribution rules and any applicable organizational policy<br><br>Disclosure requirements are not universal. Contributors should follow the repository’s contribution rules and applicable policies, while remaining accountable for submitted code.<br><br>Reference: <a href=""https://docs.github.com/en/copilot/get-started/best-practices"">Best practices for using GitHub Copilot - GitHub Docs</a>","The linked official documentation supports the selected answer. The alternatives either describe a different feature, omit a required safeguard, or claim behavior that the documentation does not guarantee.","GH-300 ResponsibleAI ResponsibleAIPrinciples"
"A software architect is concerned that junior developers might accept GitHub Copilot suggestions without understanding the underlying code. What practice best addresses this concern?<br><br>A) Allow suggestions after tests pass without requiring the author to explain the generated code<br>B) Require code review for all AI-generated code with emphasis on understanding and explanation<br>C) Limit junior developers to inline suggestions and review only larger Chat-generated changes","B) Require code review for all AI-generated code with emphasis on understanding and explanation<br><br>Code review processes that require developers to explain AI-generated code ensure understanding and learning, while maintaining productivity benefits.<br><br>Reference: <a href=""https://docs.github.com/en/copilot/using-github-copilot/best-practices-for-using-github-copilot"">Best practices for using GitHub Copilot - GitHub Docs</a>","The linked official documentation supports the selected answer. The alternatives either describe a different feature, omit a required safeguard, or claim behavior that the documentation does not guarantee.","GH-300 ResponsibleAI ResponsibleAIPrinciples"
"An organization's security team wants to ensure that GitHub Copilot suggestions are properly validated before deployment. Which validation practice is most effective?<br><br>A) Review the diff and confirm the generated code compiles before deployment<br>B) Run generated code through unit tests without static analysis or a security-focused review<br>C) Manually testing code, running static analysis tools, and performing security reviews on AI-generated code","C) Manually testing code, running static analysis tools, and performing security reviews on AI-generated code<br><br>Comprehensive validation combines manual testing, automated security scanning, and code review to catch errors, vulnerabilities, and logic issues that AI cannot self-validate.<br><br>Reference: <a href=""https://docs.github.com/en/copilot/using-github-copilot/best-practices-for-using-github-copilot"">Best practices for using GitHub Copilot - GitHub Docs</a>","The linked official documentation supports the selected answer. The alternatives either describe a different feature, omit a required safeguard, or claim behavior that the documentation does not guarantee.","GH-300 ResponsibleAI ValidateOperateAITools"
"A DevOps team implements GitHub Copilot across their CI/CD pipeline. What operational practice ensures responsible AI usage in automated environments?<br><br>A) Configure automated testing and quality gates to validate all code, regardless of whether it's AI-generated or human-written<br>B) Add a lighter validation path for generated code before it enters the standard deployment pipeline<br>C) Require manual review for generated code while allowing it to bypass automated quality gates","A) Configure automated testing and quality gates to validate all code, regardless of whether it's AI-generated or human-written<br><br>Treating AI-generated code with the same rigor as human code ensures quality, security, and reliability through comprehensive automated testing and validation.<br><br>Reference: <a href=""https://docs.github.com/en/copilot/using-github-copilot/best-practices-for-using-github-copilot"">Best practices for using GitHub Copilot - GitHub Docs</a>","The linked official documentation supports the selected answer. The alternatives either describe a different feature, omit a required safeguard, or claim behavior that the documentation does not guarantee.","GH-300 ResponsibleAI ValidateOperateAITools"
"A development team notices that GitHub Copilot occasionally suggests deprecated API calls. What process should they implement to catch these issues?<br><br>A) Review dependency release notes during scheduled upgrades rather than checking suggestions during development<br>B) Integrate linting and static analysis tools in the development workflow to flag deprecated APIs<br>C) Pin current dependencies so deprecated calls remain supported without workflow warnings","B) Integrate linting and static analysis tools in the development workflow to flag deprecated APIs<br><br>Automated linting and static analysis tools can detect deprecated APIs, outdated patterns, and other code quality issues in both AI-generated and human-written code.<br><br>Reference: <a href=""https://docs.github.com/en/copilot/using-github-copilot/best-practices-for-using-github-copilot"">Best practices for using GitHub Copilot - GitHub Docs</a>","The linked official documentation supports the selected answer. The alternatives either describe a different feature, omit a required safeguard, or claim behavior that the documentation does not guarantee.","GH-300 ResponsibleAI ValidateOperateAITools"
"An organization wants a documented signal of GitHub Copilot adoption. Which measurement is available without claiming line-level provenance?<br><br>A) Repository statistics that classify committed lines by the Copilot model that produced them<br>B) Individual productivity rankings derived from each developer's acceptance rate<br>C) Copilot usage metrics such as active users and acceptance activity for supported features","C) Copilot usage metrics such as active users and acceptance activity for supported features<br><br>Copilot usage metrics describe adoption and engagement. They do not establish complete authorship provenance or certify individual productivity.<br><br>Reference: <a href=""https://docs.github.com/en/copilot/reference/copilot-usage-metrics"">GitHub Copilot usage metrics - GitHub Docs</a>","The linked official documentation supports the selected answer. The alternatives either describe a different feature, omit a required safeguard, or claim behavior that the documentation does not guarantee.","GH-300 ResponsibleAI ValidateOperateAITools"
"An organization wants to measure how developers use GitHub Copilot to ensure responsible AI practices. What metrics are actually documented and available for tracking adoption and effectiveness?<br><br>A) Suggestion acceptance rates, active users, and feature usage breakdowns through usage data APIs<br>B) Repository defect rates automatically attributed to accepted suggestions through usage APIs, including related files and follow-up requests within the same workflow<br>C) Per-developer delivery ratings combining acceptance activity with pull-request throughput","A) Suggestion acceptance rates, active users, and feature usage breakdowns through usage data APIs<br><br>GitHub provides documented usage metrics including suggestion acceptance rates, number of active users, feature adoption (Chat vs inline), and language-specific usage data. These metrics track adoption and engagement patterns.<br><br>Reference: <a href=""https://docs.github.com/en/copilot/reference/copilot-usage-metrics"">Reviewing usage data for GitHub Copilot - GitHub Docs</a>","The linked official documentation supports the selected answer. The alternatives either describe a different feature, omit a required safeguard, or claim behavior that the documentation does not guarantee.","GH-300 ResponsibleAI ValidateOperateAITools"
"A team lead wants to establish guidelines for when developers should and should not rely on GitHub Copilot suggestions. Which guideline reflects responsible AI operation?<br><br>A) Apply the same lightweight review to every suggestion because rigor should not vary by code risk<br>B) Use Copilot for accelerating routine tasks but apply extra scrutiny to security-critical, algorithm-intensive, and compliance-sensitive code<br>C) Apply extra scrutiny only to suggestions in less common languages because established languages are lower risk","B) Use Copilot for accelerating routine tasks but apply extra scrutiny to security-critical, algorithm-intensive, and compliance-sensitive code<br><br>Risk-based usage guidelines help developers apply appropriate validation rigor based on code criticality, maintaining productivity while ensuring quality in high-risk areas.<br><br>Reference: <a href=""https://docs.github.com/en/copilot/using-github-copilot/best-practices-for-using-github-copilot"">Best practices for using GitHub Copilot - GitHub Docs</a>","The linked official documentation supports the selected answer. The alternatives either describe a different feature, omit a required safeguard, or claim behavior that the documentation does not guarantee.","GH-300 ResponsibleAI ValidateOperateAITools"
"A compliance officer asks how to verify that GitHub Copilot suggestions meet regulatory requirements for financial software. What is the most appropriate answer?<br><br>A) Use the normal peer-review checklist because it already covers financial compliance requirements<br>B) Enable organization policies and use Copilot audit events as evidence that generated code is compliant<br>C) Implement code review processes with compliance checklists, automated compliance testing, and regulatory expertise validation","C) Implement code review processes with compliance checklists, automated compliance testing, and regulatory expertise validation<br><br>Regulatory compliance requires domain expertise and specialized testing that AI tools cannot provide. Human review with compliance knowledge is essential.<br><br>Reference: <a href=""https://docs.github.com/en/copilot/using-github-copilot/best-practices-for-using-github-copilot"">Best practices for using GitHub Copilot - GitHub Docs</a>","The linked official documentation supports the selected answer. The alternatives either describe a different feature, omit a required safeguard, or claim behavior that the documentation does not guarantee.","GH-300 ResponsibleAI ResponsibleAIPrinciples"
"A team wants to evaluate whether its Copilot-assisted workflow maintains quality. Which study design avoids assuming perfect AI-code attribution?<br><br>A) Compare repository-level defect, security, review, and delivery outcomes before and after rollout while controlling for other changes<br>B) Compare acceptance rates and treat a higher rate as evidence of fewer defects<br>C) Compare delivery speed before and after rollout without controlling for staffing or process changes","A) Compare repository-level defect, security, review, and delivery outcomes before and after rollout while controlling for other changes<br><br>Outcome metrics can evaluate workflow quality without pretending that usage telemetry provides complete provenance for committed code.<br><br>Reference: <a href=""https://docs.github.com/en/copilot/reference/copilot-usage-metrics"">GitHub Copilot usage metrics - GitHub Docs</a>","The linked official documentation supports the selected answer. The alternatives either describe a different feature, omit a required safeguard, or claim behavior that the documentation does not guarantee.","GH-300 ResponsibleAI ValidateOperateAITools"
"A company policy requires that all AI-generated code must be validated before deployment to ensure responsible AI usage. What principle reflects the human role in AI-assisted development?<br><br>A) Developers can delegate accountability to reviewers after generated code passes unit tests<br>B) Developers maintain accountability and must validate AI suggestions through testing, review, and human judgment<br>C) Developers remain accountable only for suggestions flagged as low confidence or potentially unsafe","B) Developers maintain accountability and must validate AI suggestions through testing, review, and human judgment<br><br>Responsible AI usage requires human accountability. Developers must validate AI-generated code through testing, code review, security analysis, and human expertise to ensure correctness, security, and compliance with requirements.<br><br>Reference: <a href=""https://docs.github.com/en/copilot/get-started/best-practices"">Best practices for using GitHub Copilot - GitHub Docs</a>","The linked official documentation supports the selected answer. The alternatives either describe a different feature, omit a required safeguard, or claim behavior that the documentation does not guarantee.","GH-300 ResponsibleAI ValidateOperateAITools"
"A developer wants to try GitHub Copilot in an IDE. Which statement about access is accurate?<br><br>A) Copilot Pro is required for IDE access, while Copilot Free is limited to GitHub.com Chat<br>B) GitHub Pro includes Copilot's paid request allowance without separate Copilot enrollment<br>C) Copilot Free offers limited access, while Student, Pro, Pro+, Max, Business, and Enterprise provide other plan options","C) Copilot Free offers limited access, while Student, Pro, Pro+, Max, Business, and Enterprise provide other plan options<br><br>GitHub offers free and paid Copilot plans. Available features and allowances depend on the selected plan.<br><br>Reference: <a href=""https://docs.github.com/en/copilot/get-started/plans"">Plans for GitHub Copilot - GitHub Docs</a>","The linked official documentation supports the selected answer. The alternatives either describe a different feature, omit a required safeguard, or claim behavior that the documentation does not guarantee.","GH-300 CopilotFeatures CopilotIDE"
"A developer wants to ask GitHub Copilot questions about their codebase and get explanations for complex functions. Which Copilot feature should they use?<br><br>A) Copilot Chat for interactive conversations about code, documentation, and explanations<br>B) Inline suggestions because accepting a completion opens a conversational explanation<br>C) Copilot CLI because terminal sessions automatically receive the IDE's complete repository context","A) Copilot Chat for interactive conversations about code, documentation, and explanations<br><br>Copilot Chat provides a conversational interface within the IDE for asking questions, requesting explanations, generating tests, and discussing code.<br><br>Reference: <a href=""https://docs.github.com/en/copilot/using-github-copilot/asking-github-copilot-questions-in-your-ide"">Asking GitHub Copilot questions in your IDE - GitHub Docs</a>","The linked official documentation supports the selected answer. The alternatives either describe a different feature, omit a required safeguard, or claim behavior that the documentation does not guarantee.","GH-300 CopilotFeatures CopilotIDE"
"A developer working on a sensitive internal project wants to prevent GitHub Copilot from suggesting code based on specific files containing proprietary algorithms. How can they configure this in their IDE?<br><br>A) Add the paths to the repository's ignore file so IDE integrations omit them from context<br>B) Add file paths or patterns to content exclusions in repository settings, enforced through IDE integration<br>C) Disable inline suggestions for the repository while leaving Chat access to the same files enabled","B) Add file paths or patterns to content exclusions in repository settings, enforced through IDE integration<br><br>Content exclusions allow repository administrators to specify file paths or patterns that should not be used as context for Copilot suggestions, protecting sensitive code.<br><br>Reference: <a href=""https://docs.github.com/en/copilot/managing-copilot/managing-github-copilot-in-your-organization/configuring-content-exclusions-for-github-copilot"">Configuring content exclusions - GitHub Docs</a>","The linked official documentation supports the selected answer. The alternatives either describe a different feature, omit a required safeguard, or claim behavior that the documentation does not guarantee.","GH-300 CopilotFeatures CopilotIDE"
"An administrator excludes sensitive files from GitHub Copilot context. Which limitation must the team include in its risk assessment?<br><br>A) Exclusion applies to IDE Agent mode but not to inline suggestions made from excluded files<br>B) Exclusion blocks direct content and guarantees IDE semantic information cannot reveal related details<br>C) Exclusion is not supported by Copilot CLI or Agent mode in IDEs, and IDE-provided semantic information may still reveal indirect details","C) Exclusion is not supported by Copilot CLI or Agent mode in IDEs, and IDE-provided semantic information may still reveal indirect details<br><br>GitHub documents unsupported Copilot surfaces and cases where semantic information supplied by an IDE can still be used indirectly.<br><br>Reference: <a href=""https://docs.github.com/en/copilot/managing-copilot/configuring-and-auditing-content-exclusion/excluding-content-from-github-copilot"">Excluding content from GitHub Copilot - GitHub Docs</a>","The linked official documentation supports the selected answer. The alternatives either describe a different feature, omit a required safeguard, or claim behavior that the documentation does not guarantee.","GH-300 CopilotFeatures CopilotIDE"
"What distinguishes the current GitHub Copilot CLI from a traditional command-suggestion alias?<br><br>A) It is an agentic command-line assistant that can plan and perform supported development tasks with tools<br>B) It translates requests into single shell commands but does not perform multi-step tool use, including related files and follow-up requests within the same workflow<br>C) It provides the retired extension's suggest and explain workflow with standalone authentication","A) It is an agentic command-line assistant that can plan and perform supported development tasks with tools<br><br>Copilot CLI provides an agentic terminal experience and can interact with files and tools within its permission model.<br><br>Reference: <a href=""https://docs.github.com/en/copilot/concepts/agents/copilot-cli/about-copilot-cli"">About GitHub Copilot CLI - GitHub Docs</a>","The linked official documentation supports the selected answer. The alternatives either describe a different feature, omit a required safeguard, or claim behavior that the documentation does not guarantee.","GH-300 CopilotFeatures CopilotCLI"
"A Linux developer wants the current GitHub Copilot experience in a terminal. What should the developer install?<br><br>A) The gh-copilot extension, which remains the supported agentic CLI on Linux<br>B) The standalone GitHub Copilot CLI using a documented installer<br>C) GitHub CLI alone with Copilot enabled through an organization feature policy","B) The standalone GitHub Copilot CLI using a documented installer<br><br>The current Copilot CLI is a standalone application with documented installation methods for supported platforms.<br><br>Reference: <a href=""https://docs.github.com/en/copilot/how-tos/set-up/install-copilot-cli"">Installing GitHub Copilot CLI - GitHub Docs</a>","The linked official documentation supports the selected answer. The alternatives either describe a different feature, omit a required safeguard, or claim behavior that the documentation does not guarantee.","GH-300 CopilotFeatures CopilotCLI"
"A developer needs to install the current standalone GitHub Copilot CLI. Which approach follows the official installation guidance?<br><br>A) Install the gh copilot extension and enable standalone agent mode in GitHub CLI settings, including related files and follow-up requests within the same workflow<br>B) Install GitHub CLI because it bundles the current Copilot CLI on supported platforms<br>C) Install the @github/copilot package with npm or use another documented platform installer","C) Install the @github/copilot package with npm or use another documented platform installer<br><br>The standalone Copilot CLI supports documented installation methods including npm and platform-specific options.<br><br>Reference: <a href=""https://docs.github.com/en/copilot/how-tos/set-up/install-copilot-cli"">Installing GitHub Copilot CLI - GitHub Docs</a>","The linked official documentation supports the selected answer. The alternatives either describe a different feature, omit a required safeguard, or claim behavior that the documentation does not guarantee.","GH-300 CopilotFeatures CopilotCLI"
"A Copilot CLI user is shown a command that can modify files. What should the user do before allowing execution?<br><br>A) Review the proposed command, its scope, and requested permissions<br>B) Allow execution after checking the command name because Copilot constrains its arguments<br>C) Approve commands that stay inside the repository without reviewing permissions or side effects","A) Review the proposed command, its scope, and requested permissions<br><br>Copilot CLI is agentic, but the user remains responsible for reviewing actions and controlling permissions.<br><br>Reference: <a href=""https://docs.github.com/en/copilot/how-tos/copilot-cli/use-copilot-cli/overview"">Using GitHub Copilot CLI - GitHub Docs</a>","The linked official documentation supports the selected answer. The alternatives either describe a different feature, omit a required safeguard, or claim behavior that the documentation does not guarantee.","GH-300 CopilotFeatures CopilotCLI"
"A developer starts the standalone GitHub Copilot CLI. Which interaction model should the developer expect?<br><br>A) Separate suggest and explain subcommands without conversational follow-up<br>B) An interactive session for natural-language requests and follow-up tasks<br>C) A non-interactive command generator that prints commands but cannot use development tools","B) An interactive session for natural-language requests and follow-up tasks<br><br>The standalone CLI provides an interactive, agentic command-line experience rather than the former extension command set.<br><br>Reference: <a href=""https://docs.github.com/en/copilot/how-tos/copilot-cli/use-copilot-cli/overview"">Using GitHub Copilot CLI - GitHub Docs</a>","The linked official documentation supports the selected answer. The alternatives either describe a different feature, omit a required safeguard, or claim behavior that the documentation does not guarantee.","GH-300 CopilotFeatures CopilotCLI"
"A developer wants Copilot CLI to explain a complex shell pipeline before deciding whether to run it. What is the safest approach?<br><br>A) Ask Copilot CLI to explain the command and use that explanation as the execution safety check<br>B) Run the pipeline locally first and ask Copilot to explain any unexpected effects afterward<br>C) Ask Copilot CLI in natural language to explain the command, then independently inspect the command and its side effects","C) Ask Copilot CLI in natural language to explain the command, then independently inspect the command and its side effects<br><br>Copilot CLI accepts natural-language requests and can explain commands. Its response is advisory and must be verified before execution.<br><br>Reference: <a href=""https://docs.github.com/en/copilot/how-tos/copilot-cli/use-copilot-cli/overview"">Using GitHub Copilot CLI - GitHub Docs</a>","The linked official documentation supports the selected answer. The alternatives either describe a different feature, omit a required safeguard, or claim behavior that the documentation does not guarantee.","GH-300 CopilotFeatures CopilotCLI"
"A developer asks Copilot Chat to coordinate a refactor across several related files. Which capability is relevant?<br><br>A) Agent or edit workflows that can propose coordinated multi-file changes for review<br>B) Inline suggestions applied separately in each open file without a coordinated task context<br>C) Ask mode, which edits related files after explaining the proposed refactor","A) Agent or edit workflows that can propose coordinated multi-file changes for review<br><br>Copilot coding workflows can propose changes across multiple files. Developers must inspect the resulting diff and run appropriate validation.<br><br>Reference: <a href=""https://docs.github.com/en/copilot/how-tos/chat-with-copilot/chat-in-ide"">Asking GitHub Copilot questions in your IDE - GitHub Docs</a>","The linked official documentation supports the selected answer. The alternatives either describe a different feature, omit a required safeguard, or claim behavior that the documentation does not guarantee.","GH-300 CopilotFeatures FeaturesCapabilities"
"A developer switches Copilot Chat from asking a question to completing a multi-step coding task. Which mode is intended to work autonomously across files and tools?<br><br>A) Ask mode, which explains a solution and then implements it with tools<br>B) Agent mode<br>C) Edit mode, which applies a fixed patch without iterating on tool results","B) Agent mode<br><br>Agent mode is designed for multi-step implementation work and can use supported tools. Ask mode is suited to questions and explanations.<br><br>Reference: <a href=""https://docs.github.com/en/copilot/how-tos/chat-with-copilot/chat-in-ide"">Asking GitHub Copilot questions in your IDE - GitHub Docs</a>","The linked official documentation supports the selected answer. The alternatives either describe a different feature, omit a required safeguard, or claim behavior that the documentation does not guarantee.","GH-300 CopilotFeatures FeaturesCapabilities"
"A developer uses an IDE agent for a task that requires file edits and terminal tools. Which control statement is accurate?<br><br>A) The agent can use tools only after separate approval for every action regardless of configuration<br>B) The agent can edit files, but terminal tools remain unavailable in IDE agents<br>C) The agent can use supported tools, while approvals depend on the IDE, selected mode, and configured permissions","C) The agent can use supported tools, while approvals depend on the IDE, selected mode, and configured permissions<br><br>IDE agents can perform multi-step work with tools. The user must understand the active permission and approval configuration and review the result.<br><br>Reference: <a href=""https://docs.github.com/en/copilot/how-tos/chat-with-copilot/chat-in-ide"">Asking GitHub Copilot questions in your IDE - GitHub Docs</a>","The linked official documentation supports the selected answer. The alternatives either describe a different feature, omit a required safeguard, or claim behavior that the documentation does not guarantee.","GH-300 CopilotFeatures FeaturesCapabilities"
"A developer requests a GitHub Copilot code review. How should the resulting feedback be treated?<br><br>A) As advisory comments that can identify issues but still require human judgment and validation<br>B) As a required-status review that satisfies branch protection after fixes are applied, including related files and follow-up requests within the same workflow<br>C) As a security approval that replaces human review only for files Copilot analyzed","A) As advisory comments that can identify issues but still require human judgment and validation<br><br>Copilot code review provides feedback and suggested fixes. It does not remove the developer’s responsibility to validate changes or satisfy review rules.<br><br>Reference: <a href=""https://docs.github.com/en/copilot/how-tos/use-copilot-agents/request-a-code-review/use-code-review"">Using GitHub Copilot code review - GitHub Docs</a>","The linked official documentation supports the selected answer. The alternatives either describe a different feature, omit a required safeguard, or claim behavior that the documentation does not guarantee.","GH-300 CopilotFeatures FeaturesCapabilities"
"A developer assigns a repository issue to the GitHub Copilot cloud agent. What capability should the developer expect?<br><br>A) Copilot works directly on the default branch and posts completed commits for later review, including related files and follow-up requests within the same workflow<br>B) Copilot works in an ephemeral GitHub Actions-powered environment and can open a pull request for review<br>C) Copilot prepares a local IDE workspace and waits for the developer to open its proposed changes","B) Copilot works in an ephemeral GitHub Actions-powered environment and can open a pull request for review<br><br>The cloud agent can work on an assigned issue or task, make changes on a branch, and can open a pull request containing proposed changes for review.<br><br>Reference: <a href=""https://docs.github.com/en/copilot/concepts/agents/cloud-agent/about-cloud-agent"">About GitHub Copilot cloud agent - GitHub Docs</a>","The linked official documentation supports the selected answer. The alternatives either describe a different feature, omit a required safeguard, or claim behavior that the documentation does not guarantee.","GH-300 CopilotFeatures FeaturesCapabilities"
"A team wants a reusable collection of files, repositories, free-form text, and other sources that gives Copilot shared context for a task. Which feature should it use?<br><br>A) GitHub Copilot coding agent, which stores shared sources with each assigned issue<br>B) Repository custom instructions, which bundle repositories and free-form reference material<br>C) Copilot Spaces","C) Copilot Spaces<br><br>Copilot Spaces organize and share task-specific context that Copilot can use when answering questions.<br><br>Reference: <a href=""https://docs.github.com/en/copilot/concepts/context/spaces"">About GitHub Copilot Spaces - GitHub Docs</a>","The linked official documentation supports the selected answer. The alternatives either describe a different feature, omit a required safeguard, or claim behavior that the documentation does not guarantee.","GH-300 CopilotFeatures FeaturesCapabilities"
"A repository needs Copilot Chat to consider project-specific coding conventions. Which scoped configuration should maintainers evaluate?<br><br>A) Repository custom instructions supported by the relevant Copilot surface<br>B) A Copilot Space whose context is automatically applied to every repository request<br>C) A prompt file whose guidance is automatically included without explicit invocation","A) Repository custom instructions supported by the relevant Copilot surface<br><br>Repository custom instructions can provide project guidance, but supported file formats and Copilot surfaces must be checked in current documentation.<br><br>Reference: <a href=""https://docs.github.com/en/copilot/customizing-copilot/adding-repository-custom-instructions-for-github-copilot"">Adding repository custom instructions for GitHub Copilot - GitHub Docs</a>","The linked official documentation supports the selected answer. The alternatives either describe a different feature, omit a required safeguard, or claim behavior that the documentation does not guarantee.","GH-300 CopilotFeatures FeaturesCapabilities"
"A long Copilot Chat thread has accumulated irrelevant history and the developer is starting a different task. What should the developer do?<br><br>A) Start a new conversation only after the current thread reaches its context limit<br>B) Start a new conversation to provide focused context for the new task<br>C) Continue the current thread and restate the new task because prior context cannot affect responses","B) Start a new conversation to provide focused context for the new task<br><br>A new conversation can remove irrelevant conversational context. It does not reset subscription allowances, and context limits are distinct from request limits.<br><br>Reference: <a href=""https://docs.github.com/en/copilot/concepts/context"">About context for GitHub Copilot - GitHub Docs</a>","The linked official documentation supports the selected answer. The alternatives either describe a different feature, omit a required safeguard, or claim behavior that the documentation does not guarantee.","GH-300 CopilotFeatures FeaturesCapabilities"
"A developer wants to rate an unhelpful response in Copilot Chat in the IDE. Which built-in mechanism is intended for this?<br><br>A) Open a product feedback issue containing the complete conversation<br>B) Use the report-content workflow intended for safety incidents<br>C) The thumbs up or thumbs down control on the Chat response","C) The thumbs up or thumbs down control on the Chat response<br><br>Copilot Chat provides response feedback controls that let users share product feedback about the answer.<br><br>Reference: <a href=""https://docs.github.com/en/copilot/how-tos/chat-with-copilot/chat-in-ide#sharing-feedback"">Sharing feedback about Copilot Chat - GitHub Docs</a>","The linked official documentation supports the selected answer. The alternatives either describe a different feature, omit a required safeguard, or claim behavior that the documentation does not guarantee.","GH-300 CopilotFeatures FeaturesCapabilities"
"A developer wants to use a slash command in Copilot Chat. What should the developer verify first?<br><br>A) That the command is supported by the current IDE or Copilot surface<br>B) That the command name is supported in one Copilot client because commands are synchronized across clients<br>C) That the repository defines the command in custom instructions before it can be invoked","A) That the command is supported by the current IDE or Copilot surface<br><br>Available slash commands vary by environment and product surface. The current client documentation or command list is authoritative.<br><br>Reference: <a href=""https://docs.github.com/en/copilot/how-tos/chat-with-copilot/chat-in-ide"">Asking GitHub Copilot questions in your IDE - GitHub Docs</a>","The linked official documentation supports the selected answer. The alternatives either describe a different feature, omit a required safeguard, or claim behavior that the documentation does not guarantee.","GH-300 CopilotFeatures FeaturesCapabilities"
"A VS Code team wants an explicitly invoked reusable prompt for a recurring task. Which customization is appropriate?<br><br>A) A repository custom-instructions file that users explicitly invoke for each recurring task<br>B) A prompt file, which is distinct from automatically applied custom instructions<br>C) A Copilot Space that automatically executes its stored prompt whenever the repository opens","B) A prompt file, which is distinct from automatically applied custom instructions<br><br>Prompt files define reusable prompts that users invoke. Custom instructions provide guidance that supported Copilot requests can apply automatically.<br><br>Reference: <a href=""https://docs.github.com/en/copilot/tutorials/customization-library/prompt-files/your-first-prompt-file"">Creating reusable prompt files - GitHub Docs</a>","The linked official documentation supports the selected answer. The alternatives either describe a different feature, omit a required safeguard, or claim behavior that the documentation does not guarantee.","GH-300 CopilotFeatures FeaturesCapabilities"
"What does Model Context Protocol enable when used with GitHub Copilot?<br><br>A) A GitHub REST API convention for sending Copilot prompts to external services, including related files and follow-up requests within the same workflow<br>B) A provider-specific plug-in format that each Copilot model implements differently<br>C) A standard way for Copilot to interact with configured external tools and data sources","C) A standard way for Copilot to interact with configured external tools and data sources<br><br>MCP provides a standard interface through which Copilot can use configured tools and context from external systems.<br><br>Reference: <a href=""https://docs.github.com/en/copilot/concepts/context/mcp"">About Model Context Protocol - GitHub Docs</a>","The linked official documentation supports the selected answer. The alternatives either describe a different feature, omit a required safeguard, or claim behavior that the documentation does not guarantee.","GH-300 CopilotFeatures FeaturesCapabilities"
"An organization owner wants to control a Copilot feature for the organization. Which scope statement is accurate?<br><br>A) Supported feature and model policies are configured at organization level, subject to enterprise enforcement or delegation<br>B) Supported policies are repository-scoped when an organization owner assigns them to selected teams<br>C) Feature policies are enterprise-only, while organizations can manage seats but not feature access","A) Supported feature and model policies are configured at organization level, subject to enterprise enforcement or delegation<br><br>Copilot exposes specific organization policy controls, and enterprise owners can enforce choices or delegate them. Scope varies by policy.<br><br>Reference: <a href=""https://docs.github.com/en/copilot/how-tos/administer-copilot/manage-for-organization/manage-policies"">Managing policies for Copilot in your organization - GitHub Docs</a>","The linked official documentation supports the selected answer. The alternatives either describe a different feature, omit a required safeguard, or claim behavior that the documentation does not guarantee.","GH-300 CopilotFeatures CopilotIDE"
"An organization owner needs to control whether members can use a specific GitHub Copilot feature. Where should the owner first check the available control?<br><br>A) Enterprise Copilot policies because organization owners cannot manage feature access<br>B) Organization Copilot policies, while respecting any enterprise-enforced policy<br>C) Managed IDE settings because GitHub organization policies control seats but not individual features","B) Organization Copilot policies, while respecting any enterprise-enforced policy<br><br>Organization owners manage supported Copilot feature policies in organization settings, subject to enterprise policy and delegation.<br><br>Reference: <a href=""https://docs.github.com/en/copilot/how-tos/administer-copilot/manage-for-organization/manage-policies"">Managing policies for Copilot in your organization - GitHub Docs</a>","The linked official documentation supports the selected answer. The alternatives either describe a different feature, omit a required safeguard, or claim behavior that the documentation does not guarantee.","GH-300 CopilotFeatures OrganizationPolicies"
"A compliance team wants to understand the different types of policies available for GitHub Copilot management. What is the key distinction between content exclusions and organization feature policies?<br><br>A) Content exclusions control which users receive seats, while feature policies filter file context<br>B) Content exclusions and feature policies both disable capabilities, but at file and organization scope respectively<br>C) Content exclusions prevent specific files from being used as context, while feature policies control which Copilot capabilities are enabled for users","C) Content exclusions prevent specific files from being used as context, while feature policies control which Copilot capabilities are enabled for users<br><br>Content exclusions are context-filtering rules that prevent specified files from being sent to Copilot as context. Feature policies control whether capabilities like Chat, CLI, or inline suggestions are available to organization members.<br><br>Reference: <a href=""https://docs.github.com/en/copilot/how-tos/administer-copilot/manage-for-organization/manage-policies"">Managing policies for Copilot - GitHub Docs</a>","The linked official documentation supports the selected answer. The alternatives either describe a different feature, omit a required safeguard, or claim behavior that the documentation does not guarantee.","GH-300 CopilotFeatures OrganizationPolicies"
"An enterprise auditor needs evidence of Copilot administration changes. Where should the auditor look?<br><br>A) The documented Copilot-related events in the enterprise or organization audit log<br>B) Copilot usage metrics because they include the administrator and value for each policy change<br>C) Repository event history because organization Copilot policy changes are propagated as repository events","A) The documented Copilot-related events in the enterprise or organization audit log<br><br>GitHub audit logs include documented administrative event categories for Copilot. Auditors should query the current event catalog for supported actions.<br><br>Reference: <a href=""https://docs.github.com/en/enterprise-cloud@latest/admin/monitoring-activity-in-your-enterprise/reviewing-audit-logs-for-your-enterprise/audit-log-events-for-your-enterprise"">Audit log events for your enterprise - GitHub Docs</a>","The linked official documentation supports the selected answer. The alternatives either describe a different feature, omit a required safeguard, or claim behavior that the documentation does not guarantee.","GH-300 CopilotFeatures OrganizationPolicies"
"An enterprise automates onboarding and offboarding for GitHub Copilot. What can Copilot user-management REST endpoints do?<br><br>A) Configure feature policies and content exclusions through the same seat-management endpoints<br>B) Assign and remove Copilot seats for supported organization or enterprise scopes<br>C) Subscribe to seat and suggestion events through Copilot user-management webhooks","B) Assign and remove Copilot seats for supported organization or enterprise scopes<br><br>Copilot user-management endpoints support seat administration. Feature policies use their documented administrative settings unless a specific API says otherwise.<br><br>Reference: <a href=""https://docs.github.com/en/rest/copilot/copilot-user-management"">REST API endpoints for Copilot user management - GitHub Docs</a>","The linked official documentation supports the selected answer. The alternatives either describe a different feature, omit a required safeguard, or claim behavior that the documentation does not guarantee.","GH-300 CopilotFeatures OrganizationPolicies"
"A company must automate GitHub Copilot seat assignment during employee onboarding and offboarding. Which interface is designed for this task?<br><br>A) SCIM group membership because provisioning a GitHub user also assigns a Copilot seat<br>B) Organization membership endpoints because adding a member includes licensed Copilot access<br>C) GitHub REST API endpoints for Copilot user management","C) GitHub REST API endpoints for Copilot user management<br><br>Copilot user-management REST endpoints support programmatic seat assignment and removal for organizations and enterprises.<br><br>Reference: <a href=""https://docs.github.com/en/rest/copilot/copilot-user-management"">REST API endpoints for Copilot user management - GitHub Docs</a>","The linked official documentation supports the selected answer. The alternatives either describe a different feature, omit a required safeguard, or claim behavior that the documentation does not guarantee.","GH-300 CopilotFeatures OrganizationPolicies"
"An enterprise owner enforces a Copilot policy and delegates other policy choices to organizations. How should an organization owner interpret that configuration?<br><br>A) The enterprise-enforced choice remains authoritative, while delegated choices can be configured at organization level<br>B) The organization can override an enforced choice after the enterprise delegates any other Copilot policy<br>C) Repository administrators can narrow both enterprise and organization policies for individual repositories","A) The enterprise-enforced choice remains authoritative, while delegated choices can be configured at organization level<br><br>Enterprise policy can enforce a setting or allow organizations to choose. Organization owners operate within the delegation selected by the enterprise.<br><br>Reference: <a href=""https://docs.github.com/en/copilot/how-tos/administer-copilot/manage-for-enterprise/manage-enterprise-policies"">Managing policies and features for GitHub Copilot in your enterprise - GitHub Docs</a>","The linked official documentation supports the selected answer. The alternatives either describe a different feature, omit a required safeguard, or claim behavior that the documentation does not guarantee.","GH-300 CopilotFeatures OrganizationPolicies"
"A privacy review asks whether GitHub Copilot input is used for model training. What is the safest accurate response?<br><br>A) Business data is excluded from training, while individual-plan input is used for training under one uniform retention rule<br>B) Training use, retention, and model-provider handling are separate questions that must be checked against the current plan, feature, model, and applicable terms<br>C) A training opt-out also prevents operational retention by GitHub and every model provider","B) Training use, retention, and model-provider handling are separate questions that must be checked against the current plan, feature, model, and applicable terms<br><br>GitHub terms describe choices for use of data in AI model training, while feature and model-hosting documentation can define separate processing or retention behavior.<br><br>Reference: <a href=""https://docs.github.com/en/site-policy/github-terms/github-terms-of-service#j-ai-features-training-and-your-data"">GitHub Terms of Service for AI features - GitHub Docs</a>","The linked official documentation supports the selected answer. The alternatives either describe a different feature, omit a required safeguard, or claim behavior that the documentation does not guarantee.","GH-300 DataArchitecture DataHandlingFlow"
"A developer asks how repository context contributes to a Copilot response. Which high-level explanation is appropriate?<br><br>A) The active file and complete repository history are assembled for every request<br>B) Copilot builds a persistent private index by training on each saved repository file<br>C) Relevant context is assembled for the request and provided to the selected model, which returns a response for the Copilot surface","C) Relevant context is assembled for the request and provided to the selected model, which returns a response for the Copilot surface<br><br>Copilot surfaces assemble relevant context within their supported context mechanisms and use it with the prompt to generate a response.<br><br>Reference: <a href=""https://docs.github.com/en/copilot/concepts/context"">About context for GitHub Copilot - GitHub Docs</a>","The linked official documentation supports the selected answer. The alternatives either describe a different feature, omit a required safeguard, or claim behavior that the documentation does not guarantee.","GH-300 DataArchitecture DataHandlingFlow"
"A security architect documents Copilot safeguards. Which claim should be excluded because GitHub does not provide it as a universal guarantee?<br><br>A) Every request passes through a proxy that removes all credentials and personal data before model processing<br>B) Content exclusions remove configured files and any related semantic information from every Copilot surface, including related files and follow-up requests within the same workflow<br>C) Public-code matching controls prevent all suggestions that share structure with public code","A) Every request passes through a proxy that removes all credentials and personal data before model processing<br><br>Teams must not assume universal secret or personal-data redaction. They should prevent sensitive data from entering prompts and use documented, feature-specific safeguards.<br><br>Reference: <a href=""https://docs.github.com/en/copilot/managing-copilot/configuring-and-auditing-content-exclusion/excluding-content-from-github-copilot"">Excluding content from GitHub Copilot - GitHub Docs</a>","The linked official documentation supports the selected answer. The alternatives either describe a different feature, omit a required safeguard, or claim behavior that the documentation does not guarantee.","GH-300 DataArchitecture DataHandlingFlow"
"A developer is concerned about accidentally including API keys in code sent to GitHub Copilot. What documented protections exist for handling secrets in context?<br><br>A) Copilot proxy filtering removes recognized credential patterns, while secret scanning handles unrecognized formats<br>B) Content exclusions can prevent config files from being sent as context, and developers should use secret scanning and secrets management to prevent hardcoding secrets<br>C) Secret scanning prevents detected credentials from being included in Copilot context before they are committed","B) Content exclusions can prevent config files from being sent as context, and developers should use secret scanning and secrets management to prevent hardcoding secrets<br><br>Protection approaches include using content exclusions to prevent sensitive files from being sent as context, enabling GitHub secret scanning to detect committed secrets, and following best practices to never hardcode credentials.<br><br>Reference: <a href=""https://docs.github.com/en/copilot/managing-copilot/configuring-and-auditing-content-exclusion/excluding-content-from-github-copilot"">Configuring content exclusions - GitHub Docs</a>","The linked official documentation supports the selected answer. The alternatives either describe a different feature, omit a required safeguard, or claim behavior that the documentation does not guarantee.","GH-300 DataArchitecture DataHandlingFlow"
"A developer accepts an inline GitHub Copilot suggestion. What observable result occurs in the editor?<br><br>A) The suggestion is inserted and staged in Git, ready for the developer to commit, including related files and follow-up requests within the same workflow<br>B) The suggestion is inserted into a temporary preview that is discarded when the editor closes<br>C) The suggested text is inserted into the working file and becomes code the developer must review","C) The suggested text is inserted into the working file and becomes code the developer must review<br><br>Accepting an inline suggestion inserts it into the file. The developer remains responsible for reviewing, testing, and committing that code through the normal workflow.<br><br>Reference: <a href=""https://docs.github.com/en/copilot/get-started/best-practices"">Best practices for using GitHub Copilot - GitHub Docs</a>","The linked official documentation supports the selected answer. The alternatives either describe a different feature, omit a required safeguard, or claim behavior that the documentation does not guarantee.","GH-300 DataArchitecture DataHandlingFlow"
"A repository contains configuration files that might include secrets. Which control strategy is defensible when using Copilot?<br><br>A) Keep secrets out of source and prompts, use secret management and scanning, and configure content exclusions where supported<br>B) Use content exclusions as the primary safeguard because they also redact secrets typed directly into prompts<br>C) Rely on transport encryption for prompts while using secret scanning only after credentials are committed","A) Keep secrets out of source and prompts, use secret management and scanning, and configure content exclusions where supported<br><br>Defense in depth starts by not hardcoding or prompting with secrets. Secret management, scanning, and supported content exclusions address different parts of the risk.<br><br>Reference: <a href=""https://docs.github.com/en/copilot/managing-copilot/configuring-and-auditing-content-exclusion/excluding-content-from-github-copilot"">Excluding content from GitHub Copilot - GitHub Docs</a>","The linked official documentation supports the selected answer. The alternatives either describe a different feature, omit a required safeguard, or claim behavior that the documentation does not guarantee.","GH-300 DataArchitecture DataHandlingFlow"
"A security review asks what happens before a Copilot request is sent to a model. Which statement best reflects the role of request-time context?<br><br>A) The active repository is indexed permanently before each model request<br>B) The active Copilot surface selects relevant available context for the request, subject to its context and exclusion capabilities<br>C) Only explicitly attached files can be included; automatic context selection is not used by Copilot surfaces","B) The active Copilot surface selects relevant available context for the request, subject to its context and exclusion capabilities<br><br>Copilot can combine a prompt with relevant context available to the current feature. The exact context sources and support for exclusions vary by Copilot surface.<br><br>Reference: <a href=""https://docs.github.com/en/copilot/concepts/context"">About context for GitHub Copilot - GitHub Docs</a>","The linked official documentation supports the selected answer. The alternatives either describe a different feature, omit a required safeguard, or claim behavior that the documentation does not guarantee.","GH-300 DataArchitecture DataHandlingFlow"
"A legal team needs a defensible statement about retention of Copilot prompts and responses. What should it do?<br><br>A) Apply the retention rule for the Copilot plan without considering the selected model host<br>B) Treat a training opt-out as equivalent to disabling operational retention<br>C) Review the current terms for the exact plan, feature, selected model, and model host because their handling can differ","C) Review the current terms for the exact plan, feature, selected model, and model host because their handling can differ<br><br>Data-use and retention commitments can depend on the Copilot plan, surface, model, and hosting provider. The applicable current documentation and contract are authoritative.<br><br>Reference: <a href=""https://docs.github.com/en/copilot/reference/ai-models/model-hosting"">Hosting of models for GitHub Copilot - GitHub Docs</a>","The linked official documentation supports the selected answer. The alternatives either describe a different feature, omit a required safeguard, or claim behavior that the documentation does not guarantee.","GH-300 DataArchitecture LifecycleLimitations"
"A long Copilot Chat conversation approaches the selected model’s context-window limit. What consequence should the developer expect?<br><br>A) Not all accumulated context may fit, so the developer should keep context focused or begin a focused conversation<br>B) Older messages remain available but newly attached repository context is rejected first<br>C) Copilot compresses the complete history without losing any instructions or technical details","A) Not all accumulated context may fit, so the developer should keep context focused or begin a focused conversation<br><br>A context window limits how much information a model can consider in one request. Focused context helps preserve the most relevant instructions and code.<br><br>Reference: <a href=""https://learn.microsoft.com/visualstudio/ide/copilot-chat-context-references#monitor-and-optimize-context-window-usage"">Manage chat context in Copilot Chat - Microsoft Learn</a>","The linked official documentation supports the selected answer. The alternatives either describe a different feature, omit a required safeguard, or claim behavior that the documentation does not guarantee.","GH-300 DataArchitecture LifecycleLimitations"
"Copilot suggests an API that has been deprecated since the model or documentation context was produced. What should the developer do?<br><br>A) Use the suggestion when it compiles against the project's currently installed dependency version<br>B) Validate the API against current vendor documentation and supported versions before using it<br>C) Check the model's published knowledge cutoff and accept APIs introduced before that date","B) Validate the API against current vendor documentation and supported versions before using it<br><br>Generated code can be outdated or inaccurate. Current authoritative documentation, compilation, tests, and deprecation tooling should validate it.<br><br>Reference: <a href=""https://docs.github.com/en/copilot/get-started/best-practices"">Best practices for using GitHub Copilot - GitHub Docs</a>","The linked official documentation supports the selected answer. The alternatives either describe a different feature, omit a required safeguard, or claim behavior that the documentation does not guarantee.","GH-300 DataArchitecture LifecycleLimitations"
"Why can Copilot Chat produce lower-quality results for some languages or complex code structures?<br><br>A) Output quality depends mainly on whether a language has an official Copilot extension, including related files and follow-up requests within the same workflow<br>B) Supported languages receive comparable quality, but complex structures only affect response latency<br>C) Performance can depend on the volume and diversity of relevant training data and the complexity of the task","C) Performance can depend on the volume and diversity of relevant training data and the complexity of the task<br><br>GitHub documents that limited training-data representation and complex structures can reduce response quality.<br><br>Reference: <a href=""https://docs.github.com/en/copilot/responsible-use/chat#7-limitations"">Responsible use of GitHub Copilot Chat - GitHub Docs</a>","The linked official documentation supports the selected answer. The alternatives either describe a different feature, omit a required safeguard, or claim behavior that the documentation does not guarantee.","GH-300 DataArchitecture LifecycleLimitations"
"A developer wants to write effective prompts for GitHub Copilot to generate better code suggestions. What is a key principle of prompt engineering?<br><br>A) Provide clear, descriptive comments explaining intent, constraints, and expected behavior before the code<br>B) Describe the desired implementation but omit constraints so Copilot can select established defaults, including related files and follow-up requests within the same workflow<br>C) Provide the function signature and expected output type while leaving edge cases for Copilot to infer","A) Provide clear, descriptive comments explaining intent, constraints, and expected behavior before the code<br><br>Effective prompts include detailed natural language descriptions of what the code should do, any constraints, edge cases, and examples to guide the AI.<br><br>Reference: <a href=""https://docs.github.com/en/copilot/using-github-copilot/prompt-engineering-for-github-copilot"">Prompt engineering for GitHub Copilot - GitHub Docs</a>","The linked official documentation supports the selected answer. The alternatives either describe a different feature, omit a required safeguard, or claim behavior that the documentation does not guarantee.","GH-300 PromptEngineering CraftEffectivePrompts"
"A developer wants GitHub Copilot to generate a function following specific coding standards. How should they structure their prompt?<br><br>A) Provide the signature and rely on neighboring code to communicate all requirements, including related files and follow-up requests within the same workflow<br>B) Include the function signature, a descriptive comment with requirements, and examples of desired patterns<br>C) Provide examples of the desired style without stating the function's behavioral requirements","B) Include the function signature, a descriptive comment with requirements, and examples of desired patterns<br><br>Structured prompts with clear signatures, detailed comments, and pattern examples provide the context Copilot needs to generate code matching specific requirements.<br><br>Reference: <a href=""https://docs.github.com/en/copilot/using-github-copilot/prompt-engineering-for-github-copilot"">Prompt engineering for GitHub Copilot - GitHub Docs</a>","The linked official documentation supports the selected answer. The alternatives either describe a different feature, omit a required safeguard, or claim behavior that the documentation does not guarantee.","GH-300 PromptEngineering CraftEffectivePrompts"
"A developer is not getting useful suggestions from GitHub Copilot for a complex data transformation task. What prompt engineering technique could improve results?<br><br>A) Keep the task in one prompt but add more domain terminology and implementation detail, including related files and follow-up requests within the same workflow<br>B) Switch to Chat and request the complete transformation without intermediate acceptance criteria<br>C) Break down the complex task into smaller steps with intermediate comments describing each transformation","C) Break down the complex task into smaller steps with intermediate comments describing each transformation<br><br>Decomposing complex tasks into smaller, well-described steps provides clearer context and allows Copilot to generate more accurate suggestions for each component.<br><br>Reference: <a href=""https://docs.github.com/en/copilot/using-github-copilot/prompt-engineering-for-github-copilot"">Prompt engineering for GitHub Copilot - GitHub Docs</a>","The linked official documentation supports the selected answer. The alternatives either describe a different feature, omit a required safeguard, or claim behavior that the documentation does not guarantee.","GH-300 PromptEngineering CraftEffectivePrompts"
"A developer wants to predict what context Copilot Chat will use. Which statement is accurate?<br><br>A) Context depends on the active Copilot surface and can include explicitly referenced or automatically selected sources documented for that surface<br>B) All IDE surfaces use the same automatic context sources, but explicitly attached sources differ<br>C) Only explicitly referenced context is predictable because Copilot never selects context automatically","A) Context depends on the active Copilot surface and can include explicitly referenced or automatically selected sources documented for that surface<br><br>Context mechanisms differ across Copilot features. Developers can improve relevance by using the context controls and references supported by their current surface.<br><br>Reference: <a href=""https://docs.github.com/en/copilot/concepts/context"">About context for GitHub Copilot - GitHub Docs</a>","The linked official documentation supports the selected answer. The alternatives either describe a different feature, omit a required safeguard, or claim behavior that the documentation does not guarantee.","GH-300 PromptEngineering CraftEffectivePrompts"
"A team wants to establish best practices for writing prompts that generate secure code. What should they emphasize?<br><br>A) Rely on repository security tooling rather than adding security requirements to the prompt, including related files and follow-up requests within the same workflow<br>B) Explicitly mention security requirements like input validation, sanitization, and error handling in prompts<br>C) Request secure code generally and let Copilot infer the controls appropriate to the framework","B) Explicitly mention security requirements like input validation, sanitization, and error handling in prompts<br><br>Prompts should explicitly state security requirements to guide Copilot toward secure patterns rather than assuming the AI will infer security needs.<br><br>Reference: <a href=""https://docs.github.com/en/copilot/using-github-copilot/prompt-engineering-for-github-copilot"">Prompt engineering for GitHub Copilot - GitHub Docs</a>","The linked official documentation supports the selected answer. The alternatives either describe a different feature, omit a required safeguard, or claim behavior that the documentation does not guarantee.","GH-300 PromptEngineering CraftEffectivePrompts"
"A developer wants Copilot to follow a project-specific transformation pattern. What can make the prompt clearer?<br><br>A) Provide several examples from related patterns even when their output formats differ<br>B) Describe the pattern in prose and omit examples so the prompt leaves more context for generated code<br>C) Provide relevant example inputs, outputs, or implementations that demonstrate the desired pattern","C) Provide relevant example inputs, outputs, or implementations that demonstrate the desired pattern<br><br>Relevant examples can communicate structure and expected behavior that prose alone leaves ambiguous.<br><br>Reference: <a href=""https://docs.github.com/en/copilot/concepts/prompting/prompt-engineering#give-examples"">Prompt engineering for GitHub Copilot - GitHub Docs</a>","The linked official documentation supports the selected answer. The alternatives either describe a different feature, omit a required safeguard, or claim behavior that the documentation does not guarantee.","GH-300 PromptEngineering CraftEffectivePrompts"
"A developer is writing a prompt for GitHub Copilot but getting irrelevant suggestions. What might they be missing?<br><br>A) Providing sufficient context about the problem domain, constraints, and expected inputs/outputs<br>B) Providing implementation details without identifying the expected inputs and outputs, including related files and follow-up requests within the same workflow<br>C) Providing multiple examples while leaving the domain constraints implicit","A) Providing sufficient context about the problem domain, constraints, and expected inputs/outputs<br><br>Insufficient context is a common cause of poor suggestions; detailed descriptions of requirements, constraints, and expected behavior improve relevance.<br><br>Reference: <a href=""https://docs.github.com/en/copilot/using-github-copilot/prompt-engineering-for-github-copilot"">Prompt engineering for GitHub Copilot - GitHub Docs</a>","The linked official documentation supports the selected answer. The alternatives either describe a different feature, omit a required safeguard, or claim behavior that the documentation does not guarantee.","GH-300 PromptEngineering CraftEffectivePrompts"
"A senior developer wants to teach their team effective prompt engineering principles for GitHub Copilot. What fundamental principle should they emphasize?<br><br>A) Keep prompts concise and let Copilot infer project constraints from the active file<br>B) Write prompts as if explaining the task to a knowledgeable but unfamiliar colleague, including context and constraints<br>C) Describe the implementation steps in detail but omit the business objective and success criteria","B) Write prompts as if explaining the task to a knowledgeable but unfamiliar colleague, including context and constraints<br><br>Effective prompts communicate intent clearly with sufficient detail, similar to explaining a task to a capable developer who needs context to understand requirements.<br><br>Reference: <a href=""https://docs.github.com/en/copilot/using-github-copilot/prompt-engineering-for-github-copilot"">Prompt engineering for GitHub Copilot - GitHub Docs</a>","The linked official documentation supports the selected answer. The alternatives either describe a different feature, omit a required safeguard, or claim behavior that the documentation does not guarantee.","GH-300 PromptEngineering EngineerPrompts"
"A developer wants to understand how chat history affects GitHub Copilot's responses in a conversation. What should they know?<br><br>A) Chat history is used only for follow-up questions that explicitly reference an earlier response<br>B) Chat history is summarized after each turn and therefore preserves every prior detail<br>C) Copilot maintains conversation context across multiple chat turns, using previous messages to inform subsequent responses","C) Copilot maintains conversation context across multiple chat turns, using previous messages to inform subsequent responses<br><br>Copilot Chat maintains multi-turn conversation state, allowing contextual follow-ups and refinements within a single chat session.<br><br>Reference: <a href=""https://docs.github.com/en/copilot/using-github-copilot/asking-github-copilot-questions-in-your-ide"">Asking GitHub Copilot questions - GitHub Docs</a>","The linked official documentation supports the selected answer. The alternatives either describe a different feature, omit a required safeguard, or claim behavior that the documentation does not guarantee.","GH-300 PromptEngineering EngineerPrompts"
"A team establishes prompt engineering guidelines for their organization's GitHub Copilot usage. What should these guidelines prioritize?<br><br>A) Consistency in prompt structure, explicit security requirements, and clear success criteria for generated code<br>B) Short prompts that rely on repository context for security requirements and success criteria<br>C) Flexible prompt styles with mandatory examples but no shared acceptance-criteria format","A) Consistency in prompt structure, explicit security requirements, and clear success criteria for generated code<br><br>Organizational guidelines should ensure prompts consistently produce secure, high-quality code that meets team standards and requirements.<br><br>Reference: <a href=""https://docs.github.com/en/copilot/using-github-copilot/prompt-engineering-for-github-copilot"">Prompt engineering for GitHub Copilot - GitHub Docs</a>","The linked official documentation supports the selected answer. The alternatives either describe a different feature, omit a required safeguard, or claim behavior that the documentation does not guarantee.","GH-300 PromptEngineering EngineerPrompts"
"A developer needs Copilot to generate an authentication handler that follows strict project requirements. Which prompt is best engineered for validation?<br><br>A) Specify the framework and interface, then infer security controls from project conventions<br>B) Specify the framework version, required controls, forbidden patterns, expected interface, and tests that must pass<br>C) Specify required controls and tests but allow Copilot to choose a compatible framework and interface","B) Specify the framework version, required controls, forbidden patterns, expected interface, and tests that must pass<br><br>Concrete constraints and acceptance criteria make the response easier to assess and iterate on. Security-sensitive output still requires independent review and testing.<br><br>Reference: <a href=""https://docs.github.com/en/copilot/get-started/best-practices"">Best practices for using GitHub Copilot - GitHub Docs</a>","The linked official documentation supports the selected answer. The alternatives either describe a different feature, omit a required safeguard, or claim behavior that the documentation does not guarantee.","GH-300 PromptEngineering EngineerPrompts"
"When should a developer add examples to a Copilot prompt?<br><br>A) Whenever a prompt could include an example, even if it repeats clear requirements and consumes useful context<br>B) Primarily to provide extra background, even when the example does not constrain the expected output<br>C) When examples clarify the required format, pattern, or edge-case behavior","C) When examples clarify the required format, pattern, or edge-case behavior<br><br>Examples are useful when they communicate expectations that prose alone leaves ambiguous. They can be omitted when the request is already sufficiently clear.<br><br>Reference: <a href=""https://docs.github.com/en/copilot/get-started/best-practices"">Best practices for using GitHub Copilot - GitHub Docs</a>","The linked official documentation supports the selected answer. The alternatives either describe a different feature, omit a required safeguard, or claim behavior that the documentation does not guarantee.","GH-300 PromptEngineering EngineerPrompts"
"A development team wants GitHub Copilot to help accelerate their coding velocity. What capability directly supports faster code generation?<br><br>A) Complete boilerplate, function implementations, and repetitive patterns by using the surrounding code as context<br>B) Explain each intended implementation in Chat before the developer writes the routine manually, including related files and follow-up requests within the same workflow<br>C) Compare a finished implementation with an alternative suggestion after all code has already been written","A) Complete boilerplate, function implementations, and repetitive patterns by using the surrounding code as context<br><br>Copilot accelerates development by automatically generating code for common patterns, reducing time spent on boilerplate and routine implementations.<br><br>Reference: <a href=""https://docs.github.com/en/copilot/using-github-copilot/getting-code-suggestions-in-your-ide-with-github-copilot"">Getting code suggestions - GitHub Docs</a>","The linked official documentation supports the selected answer. The alternatives either describe a different feature, omit a required safeguard, or claim behavior that the documentation does not guarantee.","GH-300 DeveloperProductivity ProductivityCodeQuality"
"A developer wants to use GitHub Copilot to improve code quality through refactoring. How can Copilot assist with refactoring?<br><br>A) Apply broad repository-wide transformations without defining constraints or reviewing behavioral changes<br>B) Suggest structural improvements, function extractions, modern syntax, and suitable design patterns<br>C) Explain the current structure so the developer can preserve it unchanged during maintenance","B) Suggest structural improvements, function extractions, modern syntax, and suitable design patterns<br><br>Copilot can assist refactoring by suggesting cleaner implementations, identifying opportunities for extraction, and recommending modern patterns.<br><br>Reference: <a href=""https://docs.github.com/en/copilot/using-github-copilot/asking-github-copilot-questions-in-your-ide"">Asking GitHub Copilot questions - GitHub Docs</a>","The linked official documentation supports the selected answer. The alternatives either describe a different feature, omit a required safeguard, or claim behavior that the documentation does not guarantee.","GH-300 DeveloperProductivity ProductivityCodeQuality"
"A technical writer wants to use GitHub Copilot to generate documentation for code. What documentation capabilities does Copilot provide?<br><br>A) Generate comments from symbol names alone without considering implementation details or usage context<br>B) Explain selected code interactively so the writer can manually transcribe each response into documentation<br>C) Generate function documentation, code comments, README content, and API documentation from code context","C) Generate function documentation, code comments, README content, and API documentation from code context<br><br>Copilot can analyze code and generate explanatory documentation, docstrings, comments, and usage examples to improve code understanding.<br><br>Reference: <a href=""https://docs.github.com/en/copilot/using-github-copilot/asking-github-copilot-questions-in-your-ide"">Asking GitHub Copilot questions - GitHub Docs</a>","The linked official documentation supports the selected answer. The alternatives either describe a different feature, omit a required safeguard, or claim behavior that the documentation does not guarantee.","GH-300 DeveloperProductivity ProductivityCodeQuality"
"A new developer joining a large codebase wants to use GitHub Copilot to understand unfamiliar code faster. How can Copilot help with learning?<br><br>A) Explain selected code, describe its algorithms, and clarify how unfamiliar patterns fit the surrounding context<br>B) Generate a repository summary from top-level documentation without examining the unfamiliar implementation or tracing its call sites<br>C) Rewrite unfamiliar functions into a preferred style before establishing what the existing behavior means","A) Explain selected code, describe its algorithms, and clarify how unfamiliar patterns fit the surrounding context<br><br>Copilot Chat can explain code in natural language, helping developers understand unfamiliar codebases, algorithms, and patterns more quickly.<br><br>Reference: <a href=""https://docs.github.com/en/copilot/using-github-copilot/asking-github-copilot-questions-in-your-ide"">Asking GitHub Copilot questions - GitHub Docs</a>","The linked official documentation supports the selected answer. The alternatives either describe a different feature, omit a required safeguard, or claim behavior that the documentation does not guarantee.","GH-300 DeveloperProductivity ProductivityCodeQuality"
"How can Copilot Chat in an IDE reduce context switching during development?<br><br>A) Summarize external documentation pasted into Chat without using the code currently open in the editor<br>B) Answer contextual questions and explain or suggest code within the developer's current environment<br>C) Use inline completions for conceptual questions that require a conversational explanation of the codebase","B) Answer contextual questions and explain or suggest code within the developer's current environment<br><br>IDE-integrated Chat can assist with code and contextual questions where the developer is working, reducing some tool switching.<br><br>Reference: <a href=""https://docs.github.com/en/copilot/how-tos/chat-with-copilot/chat-in-ide"">Asking GitHub Copilot questions in your IDE - GitHub Docs</a>","The linked official documentation supports the selected answer. The alternatives either describe a different feature, omit a required safeguard, or claim behavior that the documentation does not guarantee.","GH-300 DeveloperProductivity ProductivityCodeQuality"
"A team wants to measure how GitHub Copilot affects their code quality. What practice ensures quality remains high?<br><br>A) Use suggestion acceptance rate as the main quality signal without checking defects or test results<br>B) Apply additional review only to code identified as AI-generated while relaxing checks for surrounding code<br>C) Maintain rigorous code review, testing, and static analysis processes regardless of code source","C) Maintain rigorous code review, testing, and static analysis processes regardless of code source<br><br>Code quality is ensured through consistent application of quality gates—review, testing, and analysis—treating AI-generated code with the same rigor as human-written code.<br><br>Reference: <a href=""https://docs.github.com/en/copilot/using-github-copilot/best-practices-for-using-github-copilot"">Best practices for using GitHub Copilot - GitHub Docs</a>","The linked official documentation supports the selected answer. The alternatives either describe a different feature, omit a required safeguard, or claim behavior that the documentation does not guarantee.","GH-300 DeveloperProductivity ProductivityCodeQuality"
"A developer wants to modernize a legacy codebase using outdated patterns. How can GitHub Copilot assist with legacy code modernization?<br><br>A) Suggest current equivalents for outdated syntax, patterns, and libraries while the developer refactors legacy code<br>B) Replace deprecated libraries across the repository in one pass without compatibility tests or staged review<br>C) Document the outdated patterns with Copilot but preserve every implementation until a separate migration tool is used","A) Suggest current equivalents for outdated syntax, patterns, and libraries while the developer refactors legacy code<br><br>Copilot can suggest modernization by recognizing outdated patterns and recommending current alternatives, language features, and libraries.<br><br>Reference: <a href=""https://docs.github.com/en/copilot/using-github-copilot/asking-github-copilot-questions-in-your-ide"">Asking GitHub Copilot questions - GitHub Docs</a>","The linked official documentation supports the selected answer. The alternatives either describe a different feature, omit a required safeguard, or claim behavior that the documentation does not guarantee.","GH-300 DeveloperProductivity ProductivityCodeQuality"
"A developer wants to use GitHub Copilot to generate unit tests for their code. What testing capability does Copilot provide?<br><br>A) Generate tests from the function name alone without considering implementation details or expected behavior<br>B) Analyze a function and generate unit tests for happy paths, edge cases, and error conditions<br>C) Generate snapshot tests for each function and treat unchanged snapshots as sufficient behavioral coverage","B) Analyze a function and generate unit tests for happy paths, edge cases, and error conditions<br><br>Copilot can analyze functions and generate comprehensive unit tests covering various scenarios, accelerating test development.<br><br>Reference: <a href=""https://docs.github.com/en/copilot/using-github-copilot/asking-github-copilot-questions-in-your-ide"">Asking GitHub Copilot questions - GitHub Docs</a>","The linked official documentation supports the selected answer. The alternatives either describe a different feature, omit a required safeguard, or claim behavior that the documentation does not guarantee.","GH-300 DeveloperProductivity TestingSecurity"
"A QA engineer wants to generate integration tests using GitHub Copilot. What approach works best?<br><br>A) Ask Copilot to infer every integration from one function without describing external services or test data<br>B) Extend existing unit tests with real dependencies but omit the expected cross-service outcomes<br>C) Describe the integration scenario, services, data flow, and expected outcomes before requesting tests","C) Describe the integration scenario, services, data flow, and expected outcomes before requesting tests<br><br>Integration tests require detailed scenario descriptions including service interactions, data setup, and expected results to generate meaningful tests.<br><br>Reference: <a href=""https://docs.github.com/en/copilot/using-github-copilot/prompt-engineering-for-github-copilot"">Prompt engineering for GitHub Copilot - GitHub Docs</a>","The linked official documentation supports the selected answer. The alternatives either describe a different feature, omit a required safeguard, or claim behavior that the documentation does not guarantee.","GH-300 DeveloperProductivity TestingSecurity"
"A security-focused developer wants GitHub Copilot to help identify edge cases in their code. What technique works well?<br><br>A) Ask Copilot to analyze the implementation and suggest boundary conditions, failure modes, and unusual inputs<br>B) Ask Copilot to generate happy-path tests from the function signature without analyzing the implementation<br>C) Ask Copilot to refactor the implementation for readability and infer edge cases only from the rewritten version","A) Ask Copilot to analyze the implementation and suggest boundary conditions, failure modes, and unusual inputs<br><br>Copilot can analyze code logic and suggest edge cases that developers might miss, improving test coverage and robustness.<br><br>Reference: <a href=""https://docs.github.com/en/copilot/using-github-copilot/asking-github-copilot-questions-in-your-ide"">Asking GitHub Copilot questions - GitHub Docs</a>","The linked official documentation supports the selected answer. The alternatives either describe a different feature, omit a required safeguard, or claim behavior that the documentation does not guarantee.","GH-300 DeveloperProductivity TestingSecurity"
"A developer wants to use GitHub Copilot to add comprehensive assertions to their tests. What guidance should they provide?<br><br>A) Ask Copilot to copy the assertion style from neighboring tests without describing the required behavior<br>B) Specify the expected values, state changes, exceptions, and side effects that the test should verify<br>C) Request as many assertions as possible without distinguishing observable outcomes from implementation details","B) Specify the expected values, state changes, exceptions, and side effects that the test should verify<br><br>Effective test assertions require clear specification of what to verify—return values, state changes, exceptions, side effects—to ensure meaningful test validation.<br><br>Reference: <a href=""https://docs.github.com/en/copilot/using-github-copilot/prompt-engineering-for-github-copilot"">Prompt engineering for GitHub Copilot - GitHub Docs</a>","The linked official documentation supports the selected answer. The alternatives either describe a different feature, omit a required safeguard, or claim behavior that the documentation does not guarantee.","GH-300 DeveloperProductivity TestingSecurity"
"A DevOps engineer wants to use GitHub Copilot to identify potential security vulnerabilities in code. What approach is recommended?<br><br>A) Ask Copilot to review only the changed lines and treat the absence of warnings as proof that the code is secure<br>B) Use a Copilot review in place of dedicated security scanners because both inspect code for risky patterns, including related files and follow-up requests within the same workflow<br>C) Ask Copilot to identify common issues such as injection, XSS, insecure deserialization, and weak authentication","C) Ask Copilot to identify common issues such as injection, XSS, insecure deserialization, and weak authentication<br><br>Copilot can identify common security anti-patterns and suggest improvements, complementing automated security scanning tools.<br><br>Reference: <a href=""https://docs.github.com/en/copilot/using-github-copilot/asking-github-copilot-questions-in-your-ide"">Asking GitHub Copilot questions - GitHub Docs</a>","The linked official documentation supports the selected answer. The alternatives either describe a different feature, omit a required safeguard, or claim behavior that the documentation does not guarantee.","GH-300 DeveloperProductivity TestingSecurity"
"A performance-focused team wants GitHub Copilot to suggest performance improvements for slow code. What guidance should they provide?<br><br>A) Describe measured bottlenecks, workload constraints, and optimization goals when requesting improvements<br>B) Provide one benchmark result but omit workload characteristics and acceptable performance trade-offs, including related files and follow-up requests within the same workflow<br>C) Ask Copilot for a shorter implementation and assume fewer lines will produce better runtime performance","A) Describe measured bottlenecks, workload constraints, and optimization goals when requesting improvements<br><br>Performance optimization requires context about bottlenecks, scale requirements, and acceptable trade-offs to generate relevant improvements.<br><br>Reference: <a href=""https://docs.github.com/en/copilot/using-github-copilot/asking-github-copilot-questions-in-your-ide"">Asking GitHub Copilot questions - GitHub Docs</a>","The linked official documentation supports the selected answer. The alternatives either describe a different feature, omit a required safeguard, or claim behavior that the documentation does not guarantee.","GH-300 DeveloperProductivity TestingSecurity"
"A developer wants to configure content exclusions to prevent GitHub Copilot from accessing sensitive configuration files. Where are content exclusions configured?<br><br>A) In a repository .gitignore file shared with all IDE users<br>B) In repository settings or organization settings through the GitHub web interface<br>C) In managed local IDE settings distributed centrally to each developer","B) In repository settings or organization settings through the GitHub web interface<br><br>Content exclusions are centrally managed through GitHub's web interface at the repository or organization level, ensuring consistent enforcement across all users.<br><br>Reference: <a href=""https://docs.github.com/en/copilot/managing-copilot/managing-github-copilot-in-your-organization/configuring-content-exclusions-for-github-copilot"">Configuring content exclusions - GitHub Docs</a>","The linked official documentation supports the selected answer. The alternatives either describe a different feature, omit a required safeguard, or claim behavior that the documentation does not guarantee.","GH-300 PrivacySafeguards PrivacyExclusions"
"Where can GitHub Copilot content exclusions be configured, and what scope caveat applies?<br><br>A) In local editor settings, with exclusions synchronized to all Copilot products for the signed-in user<br>B) In organization feature policies, with effects inherited by every repository and Copilot surface<br>C) In supported repository, organization, or enterprise settings, with effects limited to documented assignment scopes and supported surfaces","C) In supported repository, organization, or enterprise settings, with effects limited to documented assignment scopes and supported surfaces<br><br>GitHub supports exclusion configuration at documented administrative scopes. Application depends on seat assignment and feature support.<br><br>Reference: <a href=""https://docs.github.com/en/copilot/how-tos/configure-content-exclusion/exclude-content-from-copilot"">Excluding content from GitHub Copilot - GitHub Docs</a>","The linked official documentation supports the selected answer. The alternatives either describe a different feature, omit a required safeguard, or claim behavior that the documentation does not guarantee.","GH-300 PrivacySafeguards PrivacyExclusions"
"A developer notices that content exclusions are configured for certain files, but they can still edit them in their IDE. What is the correct understanding?<br><br>A) Content exclusions prevent files from being used as Copilot context but don't restrict file access or editing<br>B) Content exclusions hide affected files from Copilot and from IDE search while leaving direct editing enabled, including related files and follow-up requests within the same workflow<br>C) Content exclusions restrict Copilot-assisted edits to affected files but allow manual edits","A) Content exclusions prevent files from being used as Copilot context but don't restrict file access or editing<br><br>Content exclusions control what Copilot can see and use for suggestions, but don't affect file permissions, repository access, or editing capabilities.<br><br>Reference: <a href=""https://docs.github.com/en/copilot/managing-copilot/managing-github-copilot-in-your-organization/configuring-content-exclusions-for-github-copilot"">Configuring content exclusions - GitHub Docs</a>","The linked official documentation supports the selected answer. The alternatives either describe a different feature, omit a required safeguard, or claim behavior that the documentation does not guarantee.","GH-300 PrivacySafeguards PrivacyExclusions"
"An organization configures Copilot content exclusions. To whom and where should administrators expect them to apply?<br><br>A) To all organization members, including users whose Copilot seats come from another organization<br>B) Within the documented organization-assignment scope and supported Copilot surfaces<br>C) Only to users who open the repository after the exclusions are configured","B) Within the documented organization-assignment scope and supported Copilot surfaces<br><br>Organization exclusions have a defined assignment scope and feature support. Copilot CLI and IDE Agent mode are documented exceptions.<br><br>Reference: <a href=""https://docs.github.com/en/copilot/managing-copilot/configuring-and-auditing-content-exclusion/excluding-content-from-github-copilot"">Excluding content from GitHub Copilot - GitHub Docs</a>","The linked official documentation supports the selected answer. The alternatives either describe a different feature, omit a required safeguard, or claim behavior that the documentation does not guarantee.","GH-300 PrivacySafeguards PrivacyExclusions"
"A compliance team asks whether content exclusion guarantees that excluded code can never affect a Copilot response indirectly. What is accurate?<br><br>A) Yes; exclusions block direct content and all IDE-derived semantic references on supported surfaces<br>B) Yes; exclusions cover every IDE mode but require separate configuration for Copilot CLI<br>C) No; IDE semantic information can expose indirect details, and Copilot CLI plus IDE Agent mode do not support content exclusion","C) No; IDE semantic information can expose indirect details, and Copilot CLI plus IDE Agent mode do not support content exclusion<br><br>GitHub documents both indirect semantic-information limitations and Copilot surfaces that do not support content exclusion.<br><br>Reference: <a href=""https://docs.github.com/en/copilot/managing-copilot/configuring-and-auditing-content-exclusion/excluding-content-from-github-copilot"">Excluding content from GitHub Copilot - GitHub Docs</a>","The linked official documentation supports the selected answer. The alternatives either describe a different feature, omit a required safeguard, or claim behavior that the documentation does not guarantee.","GH-300 PrivacySafeguards PrivacyExclusions"
"A team configured content exclusion and assumes the protected code can never influence Copilot indirectly. Which correction is accurate?<br><br>A) Some IDE semantic information can indirectly expose details, and Copilot CLI plus IDE Agent mode do not support content exclusion<br>B) Exclusions cover Agent mode but semantic information can still expose details in inline suggestions<br>C) Excluded files are omitted from supported IDE features and Copilot CLI, but not from repository indexing","A) Some IDE semantic information can indirectly expose details, and Copilot CLI plus IDE Agent mode do not support content exclusion<br><br>GitHub documents both indirect semantic-information limitations and Copilot surfaces that do not support content exclusion.<br><br>Reference: <a href=""https://docs.github.com/en/copilot/managing-copilot/configuring-and-auditing-content-exclusion/excluding-content-from-github-copilot"">Excluding content from GitHub Copilot - GitHub Docs</a>","The linked official documentation supports the selected answer. The alternatives either describe a different feature, omit a required safeguard, or claim behavior that the documentation does not guarantee.","GH-300 PrivacySafeguards PrivacyExclusions"
"An administrator wants to test that content exclusions are working correctly before deploying them organization-wide. What validation approach is recommended?<br><br>A) Apply exclusions to a small production repository and validate only that inline suggestions stop<br>B) Configure exclusions in a test repository, verify that Copilot doesn't suggest content from excluded files, then roll out to organization<br>C) Review the glob patterns against repository paths and deploy once they match, without behavior testing","B) Configure exclusions in a test repository, verify that Copilot doesn't suggest content from excluded files, then roll out to organization<br><br>Testing content exclusions in a controlled environment ensures patterns work correctly before organization-wide deployment, preventing unintended blocks or gaps.<br><br>Reference: <a href=""https://docs.github.com/en/copilot/managing-copilot/managing-github-copilot-in-your-organization/configuring-content-exclusions-for-github-copilot"">Configuring content exclusions - GitHub Docs</a>","The linked official documentation supports the selected answer. The alternatives either describe a different feature, omit a required safeguard, or claim behavior that the documentation does not guarantee.","GH-300 PrivacySafeguards PrivacyExclusions"
"A user selects a model in GitHub Copilot Chat. Why should a data-flow review include the selected model and its host?<br><br>A) All selectable models use GitHub hosting, but their retention periods can differ<br>B) The selected model runs through the IDE vendor's host when used from an IDE<br>C) Copilot can route requests to different model hosts, whose documented handling and availability can differ","C) Copilot can route requests to different model hosts, whose documented handling and availability can differ<br><br>GitHub documents where supported models are hosted. The selected model is therefore part of a complete request-processing and governance assessment.<br><br>Reference: <a href=""https://docs.github.com/en/copilot/reference/ai-models/model-hosting"">Hosting of models for GitHub Copilot - GitHub Docs</a>","The linked official documentation supports the selected answer. The alternatives either describe a different feature, omit a required safeguard, or claim behavior that the documentation does not guarantee.","GH-300 DataArchitecture DataHandlingFlow"
"What do GitHub’s terms say about ownership of input and output used with AI features?<br><br>A) GitHub does not claim ownership, while users remain responsible for input and output and for respecting third-party rights<br>B) Users own output only when public-code matching reports no similar code<br>C) GitHub retains ownership of model output while granting users rights to use it","A) GitHub does not claim ownership, while users remain responsible for input and output and for respecting third-party rights<br><br>GitHub does not claim ownership of input or output. Users must still evaluate generated material and comply with applicable law and third-party rights.<br><br>Reference: <a href=""https://docs.github.com/en/site-policy/github-terms/github-terms-of-service#j-ai-features-training-and-your-data"">GitHub Terms of Service for AI features - GitHub Docs</a>","The linked official documentation supports the selected answer. The alternatives either describe a different feature, omit a required safeguard, or claim behavior that the documentation does not guarantee.","GH-300 PrivacySafeguards SafeguardsTroubleshooting"
"A developer is not receiving any GitHub Copilot suggestions in their IDE. What is the first troubleshooting step?<br><br>A) Verify network access to Copilot endpoints before checking account or IDE configuration<br>B) Verify that Copilot is enabled in IDE settings, check authentication status, and confirm active subscription<br>C) Reinstall the Copilot extension first, then check authentication only if suggestions remain unavailable","B) Verify that Copilot is enabled in IDE settings, check authentication status, and confirm active subscription<br><br>Basic troubleshooting starts with verifying configuration: IDE extension enabled, GitHub authentication valid, and active Copilot subscription.<br><br>Reference: <a href=""https://docs.github.com/en/copilot/troubleshooting-github-copilot/troubleshooting-common-issues-with-github-copilot"">Troubleshooting GitHub Copilot - GitHub Docs</a>","The linked official documentation supports the selected answer. The alternatives either describe a different feature, omit a required safeguard, or claim behavior that the documentation does not guarantee.","GH-300 PrivacySafeguards SafeguardsTroubleshooting"
"A developer notices Copilot suggestions are appearing slowly or timing out. What could be causing this issue?<br><br>A) Large repository context or a long active file is the primary cause of every suggestion timeout, including related files and follow-up requests within the same workflow<br>B) IDE extension version mismatches cause rate limiting even when network connectivity is healthy<br>C) Network connectivity issues, rate limiting, or high service load affecting suggestion generation speed","C) Network connectivity issues, rate limiting, or high service load affecting suggestion generation speed<br><br>Suggestion latency issues typically stem from network problems, service rate limits, or backend processing delays requiring connectivity and rate troubleshooting.<br><br>Reference: <a href=""https://docs.github.com/en/copilot/troubleshooting-github-copilot/troubleshooting-common-issues-with-github-copilot"">Troubleshooting GitHub Copilot - GitHub Docs</a>","The linked official documentation supports the selected answer. The alternatives either describe a different feature, omit a required safeguard, or claim behavior that the documentation does not guarantee.","GH-300 PrivacySafeguards SafeguardsTroubleshooting"
"A developer finds that content exclusions seem to be blocking more files than intended. How should they diagnose this issue?<br><br>A) Review configured glob patterns for overly broad matches and test patterns against file paths to ensure precision<br>B) Narrow every pattern to an individual filename before testing whether directory exclusions are needed, including related files and follow-up requests within the same workflow<br>C) Check organization feature policies because disabled features are reported as overbroad content exclusions","A) Review configured glob patterns for overly broad matches and test patterns against file paths to ensure precision<br><br>Overly broad exclusion patterns can unintentionally block needed context; reviewing and testing patterns ensures exclusions are precise and targeted.<br><br>Reference: <a href=""https://docs.github.com/en/copilot/managing-copilot/managing-github-copilot-in-your-organization/configuring-content-exclusions-for-github-copilot"">Configuring content exclusions - GitHub Docs</a>","The linked official documentation supports the selected answer. The alternatives either describe a different feature, omit a required safeguard, or claim behavior that the documentation does not guarantee.","GH-300 PrivacySafeguards SafeguardsTroubleshooting"
"A user sees offensive content in a Copilot Chat response. Which reporting route is documented in the safety guidance?<br><br>A) Use the response's thumbs-down control and include sensitive prompt details in its feedback text<br>B) Email the details to copilot-safety@github.com<br>C) Open a private support ticket because the safety address handles only public-code matches","B) Email the details to copilot-safety@github.com<br><br>GitHub documents copilot-safety@github.com for reporting offensive content. Reports should avoid unnecessary disclosure of sensitive information.<br><br>Reference: <a href=""https://docs.github.com/en/copilot/responsible-use/chat#9-safety-components-and-mitigations"">Responsible use of GitHub Copilot Chat - GitHub Docs</a>","The linked official documentation supports the selected answer. The alternatives either describe a different feature, omit a required safeguard, or claim behavior that the documentation does not guarantee.","GH-300 PrivacySafeguards SafeguardsTroubleshooting"
"An administrator needs to verify that a content exclusion pattern works as intended. Which test is appropriate?<br><br>A) Test in Agent mode because it exercises the broadest exclusion support, including related files and follow-up requests within the same workflow<br>B) Use real test credentials so any leakage can be detected unambiguously, using non-sensitive values that still exercise the configured file patterns<br>C) Use a supported IDE surface to compare behavior in excluded and non-excluded files after allowing propagation and refreshing the IDE","C) Use a supported IDE surface to compare behavior in excluded and non-excluded files after allowing propagation and refreshing the IDE<br><br>A controlled test should verify the documented control without exposing real secrets. Results must be interpreted in light of unsupported surfaces and propagation time.<br><br>Reference: <a href=""https://docs.github.com/en/copilot/managing-copilot/configuring-and-auditing-content-exclusion/excluding-content-from-github-copilot"">Excluding content from GitHub Copilot - GitHub Docs</a>","The linked official documentation supports the selected answer. The alternatives either describe a different feature, omit a required safeguard, or claim behavior that the documentation does not guarantee.","GH-300 PrivacySafeguards PrivacyExclusions"
"After changing content exclusions, a developer still sees unexpected behavior in Visual Studio Code. What is a documented troubleshooting step?<br><br>A) Reload the VS Code window to refresh exclusion settings, then test an excluded and a non-excluded file<br>B) Restart only the Copilot extension host and test the excluded file without a control file, including related files and follow-up requests within the same workflow<br>C) Wait for propagation and test again in IDE Agent mode because it honors repository exclusions","A) Reload the VS Code window to refresh exclusion settings, then test an excluded and a non-excluded file<br><br>Changes can take time to propagate. GitHub documents reloading the VS Code window and verifying behavior with excluded and non-excluded files.<br><br>Reference: <a href=""https://docs.github.com/en/copilot/managing-copilot/configuring-and-auditing-content-exclusion/excluding-content-from-github-copilot"">Excluding content from GitHub Copilot - GitHub Docs</a>","The linked official documentation supports the selected answer. The alternatives either describe a different feature, omit a required safeguard, or claim behavior that the documentation does not guarantee.","GH-300 PrivacySafeguards SafeguardsTroubleshooting"
"Copilot returns an implementation that does not meet a developer’s requirements. Which prompt revision is most likely to improve the next response?<br><br>A) Repeat the request with more implementation detail but without explicit constraints or examples, including related files and follow-up requests within the same workflow<br>B) Add concrete requirements, relevant context, constraints, and an example of the expected result<br>C) Add an expected example but remove acceptance criteria that might constrain the implementation","B) Add concrete requirements, relevant context, constraints, and an example of the expected result<br><br>Effective prompts give Copilot enough specific context and constraints to produce a relevant, verifiable response. Iteration should clarify what was missing.<br><br>Reference: <a href=""https://docs.github.com/en/copilot/get-started/best-practices"">Best practices for using GitHub Copilot - GitHub Docs</a>","The linked official documentation supports the selected answer. The alternatives either describe a different feature, omit a required safeguard, or claim behavior that the documentation does not guarantee.","GH-300 PromptEngineering CraftEffectivePrompts"
"A developer asks Copilot to generate sample data for tests. What responsible practice should accompany the request?<br><br>A) Use anonymized production records because they preserve realistic distributions better than synthetic data, including related files and follow-up requests within the same workflow<br>B) Use generated values directly when they pass schema validation, then review only failing cases<br>C) Use synthetic values, review them for sensitive or biased content, and validate them against the test schema","C) Use synthetic values, review them for sensitive or biased content, and validate them against the test schema<br><br>AI-generated test data requires human review. Synthetic values should satisfy the schema without copying personal or confidential production data.<br><br>Reference: <a href=""https://docs.github.com/en/copilot/get-started/best-practices"">Best practices for using GitHub Copilot - GitHub Docs</a>","The linked official documentation supports the selected answer. The alternatives either describe a different feature, omit a required safeguard, or claim behavior that the documentation does not guarantee.","GH-300 ResponsibleAI ResponsibleAIPrinciples"
"A regulated team is selecting a GitHub Copilot model. Which hosting fact should be part of its review?<br><br>A) Supported models can be hosted by different providers, so the team should consult the current hosting table<br>B) Models selected in Copilot share one GitHub host, so the team should compare only model capabilities and availability<br>C) The IDE vendor determines the model host, so the team should review each supported IDE's hosting terms","A) Supported models can be hosted by different providers, so the team should consult the current hosting table<br><br>GitHub documents the hosting provider for supported Copilot models. That information is relevant to architecture, privacy, and procurement reviews.<br><br>Reference: <a href=""https://docs.github.com/en/copilot/reference/ai-models/model-hosting"">Hosting of models for GitHub Copilot - GitHub Docs</a>","The linked official documentation supports the selected answer. The alternatives either describe a different feature, omit a required safeguard, or claim behavior that the documentation does not guarantee.","GH-300 DataArchitecture LifecycleLimitations"
