Front,Back,Extra,Tags
"A new team member asks how Git and GitHub differ. Which statement most accurately describes the relationship?<br><br>A) Git is a distributed version control system, while GitHub is a cloud platform that hosts Git repositories and adds collaboration features<br>B) Git and GitHub are two competing version control systems, and a project must choose exactly one of them to track history<br>C) GitHub is the command-line tool that records commits, while Git is the website used to review and merge those commits online","A) Git is a distributed version control system, while GitHub is a cloud platform that hosts Git repositories and adds collaboration features<br><br>Git is the underlying VCS created by Linus Torvalds; GitHub is a hosting and collaboration platform built around Git.<br><br>Reference: <a href=""https://docs.github.com/en/get-started/start-your-journey/about-github-and-git"">About GitHub and Git - GitHub Docs</a>","Remember: Git works fully offline on your machine; GitHub adds pull requests, issues, Actions, and access control on top of Git. You can use Git without GitHub, but not the reverse.","GH-900 IntroToGitAndGitHub GitVsGitHub"
"Why is Git described as a 'distributed' version control system rather than a centralized one?<br><br>A) All history lives only on a central server, so developers must stay connected to commit any change to the project<br>B) Every clone contains the full project history, so developers can commit and view history locally without a network connection<br>C) The repository is split into fragments across many servers, and no single machine ever holds the complete commit history","B) Every clone contains the full project history, so developers can commit and view history locally without a network connection<br><br>In Git, each clone is a complete repository with full history, enabling offline work and resilience.<br><br>Reference: <a href=""https://docs.github.com/en/get-started/using-git/about-git"">About Git - GitHub Docs</a>","Contrast with centralized systems like SVN where history lives on one server. Distributed history means no single point of failure and fast local operations.","GH-900 IntroToGitAndGitHub GitFundamentals"
"A developer wants a local working copy of a remote GitHub repository, including its full commit history. Which Git command should they use?<br><br>A) git init, which starts tracking the current empty folder as a brand-new local repository with no linked remote history<br>B) git pull, which updates an already-existing local repository with the newest commits from its configured upstream remote<br>C) git clone","C) git clone<br><br>git clone downloads a full copy of a remote repository, including all history, and configures the remote automatically.<br><br>Reference: <a href=""https://docs.github.com/en/repositories/creating-and-managing-repositories/cloning-a-repository"">Cloning a repository - GitHub Docs</a>","git init creates a new empty repo; git pull only works after a repo already exists locally. Use clone once to get started, then pull to stay updated.","GH-900 IntroToGitAndGitHub GitCommands"
"In Git, what is the purpose of the staging area (the index) when using git add?<br><br>A) It permanently writes the selected changes into project history and immediately publishes them to the remote repository<br>B) It lets you select exactly which changes will be included in the next commit before you actually record that commit<br>C) It creates a separate branch automatically so unfinished changes never affect the current branch you are on","B) It lets you select exactly which changes will be included in the next commit before you actually record that commit<br><br>The staging area holds the snapshot of changes that git commit will record, giving fine-grained control over commit contents.<br><br>Reference: <a href=""https://docs.github.com/en/get-started/using-git/about-git"">About Git - GitHub Docs</a>","Workflow: edit files, git add to stage, git commit to record. Staging lets you split unrelated changes into separate, meaningful commits.","GH-900 IntroToGitAndGitHub GitFundamentals"
"What does a Git commit represent within a repository?<br><br>A) A saved snapshot of staged changes at a point in time, along with author, message, and a link to previous commits<br>B) A temporary draft of edits stored only in memory that disappears the moment the editor or terminal window is closed<br>C) A request asking a project maintainer to review and combine one branch into another branch on GitHub","A) A saved snapshot of staged changes at a point in time, along with author, message, and a link to previous commits<br><br>Each commit records a snapshot plus metadata and references its parent, forming the project history.<br><br>Reference: <a href=""https://docs.github.com/en/get-started/using-git/about-git"">About Git - GitHub Docs</a>","A commit is immutable and identified by a SHA hash. The 'request to combine branches' description is a pull request, not a commit.","GH-900 IntroToGitAndGitHub GitFundamentals"
"A developer wants to work on a new feature without affecting the stable code. What is the recommended Git approach?<br><br>A) Copy the entire project into a second folder and manually merge the edited files back one at a time when finished<br>B) Edit files directly on the main branch but avoid committing until the feature is completely finished and tested<br>C) Create a new branch, make commits there, and later merge it back into the main branch","C) Create a new branch, make commits there, and later merge it back into the main branch<br><br>Branches isolate work so the main line stays stable; changes merge back when ready, typically via a pull request.<br><br>Reference: <a href=""https://docs.github.com/en/get-started/using-github/github-flow"">GitHub flow - GitHub Docs</a>","Branching is lightweight in Git. This is the foundation of GitHub flow: branch, commit, open a PR, review, merge.","GH-900 IntroToGitAndGitHub Branching"
"After committing changes locally, which command uploads those commits to the corresponding branch on GitHub?<br><br>A) git commit, which finalizes the staged changes into local history but does not send anything to the remote repository<br>B) git push<br>C) git fetch, which downloads new commits and refs from the remote but does not upload any of your local commits","B) git push<br><br>git push transfers local commits on a branch to the matching branch on the remote (GitHub).<br><br>Reference: <a href=""https://docs.github.com/en/get-started/using-git/pushing-commits-to-a-remote-repository"">Pushing commits to a remote repository - GitHub Docs</a>","commit records locally; push publishes. fetch is the opposite direction (download only). Push regularly so collaborators can see your work.","GH-900 IntroToGitAndGitHub GitCommands"
"What is the key difference between git fetch and git pull?<br><br>A) git fetch downloads remote changes without merging them, while git pull downloads and then merges them into your current branch<br>B) git fetch permanently overwrites your local commits with the remote version, while git pull safely keeps a backup of your local work first<br>C) git fetch works only on private repositories, while git pull is required for any repository that has been made public on GitHub","A) git fetch downloads remote changes without merging them, while git pull downloads and then merges them into your current branch<br><br>git pull is effectively git fetch followed by a merge (or rebase) into the current branch.<br><br>Reference: <a href=""https://docs.github.com/en/get-started/using-git/getting-changes-from-a-remote-repository"">Getting changes from a remote repository - GitHub Docs</a>","Use fetch to inspect incoming changes before integrating; use pull when you want to update your branch immediately. Neither depends on repo visibility.","GH-900 IntroToGitAndGitHub GitCommands"
"Which sequence best describes the GitHub flow for proposing a change?<br><br>A) Push directly to main, then notify teammates by email so they can review the change after it is already live in production<br>B) Create a branch, commit changes, open a pull request, review and discuss, then merge into the default branch<br>C) Fork the repository, delete the default branch, and rebuild the project history from scratch before submitting changes","B) Create a branch, commit changes, open a pull request, review and discuss, then merge into the default branch<br><br>GitHub flow is a lightweight, branch-based workflow centered on pull requests for review before merging.<br><br>Reference: <a href=""https://docs.github.com/en/get-started/using-github/github-flow"">GitHub flow - GitHub Docs</a>","GitHub flow keeps main deployable at all times. The pull request is the collaboration hub for review, discussion, and automated checks.","GH-900 IntroToGitAndGitHub GitHubFlow"
"In a cloned repository, what does the remote named 'origin' typically refer to?<br><br>A) The local .git folder on your computer where all staged changes are temporarily written before they become commits<br>B) The default alias pointing to the remote repository the project was cloned from, such as its GitHub URL<br>C) A protected branch that only repository administrators are allowed to push commits to after passing status checks","B) The default alias pointing to the remote repository the project was cloned from, such as its GitHub URL<br><br>By convention, git clone names the source remote 'origin', which you push to and fetch from.<br><br>Reference: <a href=""https://docs.github.com/en/get-started/getting-started-with-git/managing-remote-repositories"">Managing remote repositories - GitHub Docs</a>","origin is just a convenient name; you can add other remotes (e.g., 'upstream' when working from a fork). It is not a branch.","GH-900 IntroToGitAndGitHub Remotes"
"Which lightweight markup language does GitHub use to format README files, issues, and comments?<br><br>A) Markdown<br>B) A proprietary binary formatting format that can only be edited using GitHub's own desktop application on Windows<br>C) HTML exclusively, meaning plain text and shorthand formatting symbols are stripped out and never rendered on GitHub","A) Markdown<br><br>GitHub uses GitHub Flavored Markdown to render formatted text in READMEs, issues, PRs, and comments.<br><br>Reference: <a href=""https://docs.github.com/en/get-started/writing-on-github/getting-started-with-writing-and-formatting-on-github/basic-writing-and-formatting-syntax"">Basic writing and formatting syntax - GitHub Docs</a>","GitHub supports limited HTML inside Markdown, plus extensions like task lists, tables, and @mentions. Markdown files use the .md extension.","GH-900 IntroToGitAndGitHub Markdown"
"How is a GitHub repository best described?<br><br>A) A single immutable text file that stores only the latest version of a project's source code and nothing else<br>B) A user's public profile page that summarizes their contribution activity across all projects on the platform<br>C) A container for a project's files and their complete version history, plus settings, issues, and pull requests","C) A container for a project's files and their complete version history, plus settings, issues, and pull requests<br><br>A repository holds project files, full history, and collaboration features such as issues and pull requests.<br><br>Reference: <a href=""https://docs.github.com/en/repositories/creating-and-managing-repositories/about-repositories"">About repositories - GitHub Docs</a>","A repo is the fundamental unit on GitHub. It can belong to a personal account or an organization and can be public, private, or internal.","GH-900 IntroToGitAndGitHub Repositories"
"What is a key difference between a personal account and an organization account on GitHub?<br><br>A) Personal accounts can host code, but organization accounts are limited to hosting documentation and project boards only<br>B) An organization is a shared account for group collaboration with teams and centralized permissions, while a personal account represents one individual<br>C) Only personal accounts can create private repositories, whereas organization accounts are restricted to public repositories exclusively","B) An organization is a shared account for group collaboration with teams and centralized permissions, while a personal account represents one individual<br><br>Organizations enable many users to collaborate with teams, roles, and centralized administration.<br><br>Reference: <a href=""https://docs.github.com/en/organizations/collaborating-with-groups-in-organizations/about-organizations"">About organizations - GitHub Docs</a>","Organizations own repositories collectively and support teams for scalable access management. Both account types can host public and private repos.","GH-900 IntroToGitAndGitHub Accounts"
"A developer wants to contribute to an open-source project where they lack write access. What is the standard first step?<br><br>A) Fork the repository to create their own copy, then make changes and open a pull request back to the original<br>B) Request that a maintainer grant them administrator rights on the project so they can push commits directly to main<br>C) Clone the repository locally and force-push their new commits over the project's default branch when finished","A) Fork the repository to create their own copy, then make changes and open a pull request back to the original<br><br>Forking creates a personal server-side copy; contributors work there and propose changes via pull requests.<br><br>Reference: <a href=""https://docs.github.com/en/get-started/exploring-projects-on-github/contributing-to-a-project"">Contributing to a project - GitHub Docs</a>","The fork-and-pull model is the backbone of open-source contribution. You never need write access to the original repo to propose changes.","GH-900 IntroToGitAndGitHub Forking"
"In Git, what does HEAD normally point to?<br><br>A) The oldest commit in the repository, which serves as the permanent anchor that all later branches ultimately descend from<br>B) The remote tracking reference that always reflects the exact current state of the branch stored on the GitHub server<br>C) The current branch or commit you have checked out, indicating your present position in the repository history","C) The current branch or commit you have checked out, indicating your present position in the repository history<br><br>HEAD is a pointer to the currently checked-out branch tip (or commit), marking where new commits attach.<br><br>Reference: <a href=""https://docs.github.com/en/get-started/using-git/about-git"">About Git - GitHub Docs</a>","When you switch branches with git checkout/switch, HEAD moves to point at the new branch. A 'detached HEAD' points directly at a commit instead of a branch.","GH-900 IntroToGitAndGitHub GitFundamentals"
"Two developers edited the same lines of the same file on different branches. When merging, what happens?<br><br>A) Git silently discards one developer's changes and keeps only the most recently committed version without any warning<br>B) Git reports a merge conflict that a person must resolve by choosing or combining the conflicting changes<br>C) Git automatically emails both developers and locks the repository until an administrator manually approves the merge","B) Git reports a merge conflict that a person must resolve by choosing or combining the conflicting changes<br><br>When the same lines change on both sides, Git cannot auto-merge and marks a conflict for manual resolution.<br><br>Reference: <a href=""https://docs.github.com/en/pull-requests/collaborating-with-pull-requests/addressing-merge-conflicts/about-merge-conflicts"">About merge conflicts - GitHub Docs</a>","Git auto-merges non-overlapping changes. Conflicts require human judgment because Git cannot know which version is correct. Communicate to reduce them.","GH-900 IntroToGitAndGitHub Merging"
"Which practice makes commit history most useful to a team?<br><br>A) Writing clear, concise commit messages that explain what changed and why for each logical change<br>B) Committing all changes for an entire release in a single large commit at the very end to keep the log short<br>C) Reusing the same generic message such as 'update' for every commit so the history stays visually consistent","A) Writing clear, concise commit messages that explain what changed and why for each logical change<br><br>Descriptive messages and small logical commits make history readable, reviewable, and easy to debug.<br><br>Reference: <a href=""https://docs.github.com/en/get-started/using-git/about-git"">About Git - GitHub Docs</a>","Good history helps with git blame, reverts, and code review. Prefer small, focused commits over one giant commit or vague repeated messages.","GH-900 IntroToGitAndGitHub BestPractices"
"What is stored in the hidden .git directory inside a Git repository?<br><br>A) Only a plain-text backup copy of the most recent version of each tracked file, without any earlier historical versions<br>B) The remote server credentials and personal access tokens required to authenticate every push to GitHub<br>C) The repository's complete object database and metadata, including all commits, branches, and configuration","C) The repository's complete object database and metadata, including all commits, branches, and configuration<br><br>The .git directory contains everything Git needs: objects, refs, config, and history that make the folder a repository.<br><br>Reference: <a href=""https://docs.github.com/en/get-started/using-git/about-git"">About Git - GitHub Docs</a>","Deleting .git turns the folder back into ordinary files with no history. Credentials are typically stored by a separate credential helper, not in .git objects.","GH-900 IntroToGitAndGitHub GitFundamentals"
"An organization wants a repository that is visible to all enterprise members but hidden from the public internet. Which visibility setting fits?<br><br>A) Public visibility, which exposes the repository and its code to anyone on the internet, including non-members<br>B) Private visibility, which limits access strictly to individually invited collaborators and nobody else in the enterprise<br>C) Internal visibility, which makes the repository readable by all enterprise members while keeping it hidden from the public","C) Internal visibility, which makes the repository readable by all enterprise members while keeping it hidden from the public<br><br>Internal repositories are visible to all members of the enterprise but not to the public, ideal for InnerSource.<br><br>Reference: <a href=""https://docs.github.com/en/repositories/creating-and-managing-repositories/about-repositories"">About repositories - GitHub Docs</a>","Internal visibility requires GitHub Enterprise. It enables InnerSource: sharing across the whole org while staying hidden from outside the enterprise.","GH-900 GitHubRepositories Visibility"
"What is the primary purpose of a repository's README file?<br><br>A) It lists every user who has ever been granted administrator access to the repository over its entire lifetime<br>B) It communicates what the project does and how to use it, and is displayed on the repository home page<br>C) It defines which files and folders Git should ignore so they are never tracked or committed to the repository","B) It communicates what the project does and how to use it, and is displayed on the repository home page<br><br>The README introduces the project and renders automatically on the repository landing page.<br><br>Reference: <a href=""https://docs.github.com/en/repositories/managing-your-repositorys-settings-and-features/customizing-your-repository/about-readmes"">About READMEs - GitHub Docs</a>","A profile README (in a repo named after your username) shows on your GitHub profile. The file that lists ignored paths is .gitignore, not the README.","GH-900 GitHubRepositories RepositoryFiles"
"What does a .gitignore file do in a repository?<br><br>A) It specifies intentionally untracked files and patterns that Git should not stage or commit<br>B) It records the license terms that govern how others may reuse and distribute the project's source code<br>C) It stores a prioritized list of open issues so that contributors know which tasks to work on first","A) It specifies intentionally untracked files and patterns that Git should not stage or commit<br><br>.gitignore lists paths and patterns (like build output or secrets) that Git should exclude from tracking.<br><br>Reference: <a href=""https://docs.github.com/en/get-started/getting-started-with-git/ignoring-files"">Ignoring files - GitHub Docs</a>","Already-tracked files are not affected by adding them to .gitignore; you must untrack them first. GitHub offers language-specific templates when creating a repo.","GH-900 GitHubRepositories RepositoryFiles"
"Why is adding a LICENSE file important for a public open-source repository?<br><br>A) Without a license file, GitHub will automatically delete the repository after a fixed grace period of inactivity<br>B) A license file is required by Git before any commits can be pushed to a repository that has been made public<br>C) It defines the legal terms under which others may use, modify, and distribute the code","C) It defines the legal terms under which others may use, modify, and distribute the code<br><br>Without a license, default copyright applies and others generally have no rights to reuse the code.<br><br>Reference: <a href=""https://docs.github.com/en/repositories/managing-your-repositorys-settings-and-features/customizing-your-repository/licensing-a-repository"">Licensing a repository - GitHub Docs</a>","No license means 'all rights reserved' by default. GitHub can suggest common licenses (MIT, Apache 2.0, GPL) when you create or add one via the web UI.","GH-900 GitHubRepositories Licensing"
"A team wants to package a specific version of their software with binaries and release notes for users to download. Which GitHub feature should they use?<br><br>A) Releases, which are based on Git tags and can include notes and downloadable release assets<br>B) Gists, which are standalone snippet documents intended for sharing small pieces of code outside a repository<br>C) The repository wiki, which provides free-form documentation pages but does not attach versioned binary downloads","A) Releases, which are based on Git tags and can include notes and downloadable release assets<br><br>Releases build on tags to publish versioned deliverables, release notes, and attached binaries.<br><br>Reference: <a href=""https://docs.github.com/en/repositories/releasing-projects-on-github/about-releases"">About releases - GitHub Docs</a>","A tag marks a point in history; a release adds a user-facing package around that tag. Gists and wikis do not provide versioned binary distribution.","GH-900 GitHubRepositories Releases"
"What is a GitHub Gist primarily used for?<br><br>A) Hosting and running continuous integration workflows that build and test a full application on every push<br>B) Sharing small snippets of code or notes, either publicly or secretly, with optional version history<br>C) Storing large binary media assets such as videos and datasets that exceed normal repository size limits","B) Sharing small snippets of code or notes, either publicly or secretly, with optional version history<br><br>Gists are lightweight, shareable snippets that are themselves Git repositories, available as public or secret.<br><br>Reference: <a href=""https://docs.github.com/en/get-started/writing-on-github/editing-and-sharing-content-with-gists/creating-gists"">Creating gists - GitHub Docs</a>","Secret gists are not searchable but are still accessible to anyone with the URL. Gists suit quick shares; full projects belong in repositories.","GH-900 GitHubRepositories Gists"
"An organization repeatedly creates repositories with the same starter files and structure. Which feature reduces this repetitive setup?<br><br>A) A template repository, which lets users generate new repositories preloaded with the same starting files and structure<br>B) A repository fork, which links a full copy back to the source for the purpose of contributing changes upstream<br>C) A protected branch rule, which enforces reviews and status checks before code can be merged into main","A) A template repository, which lets users generate new repositories preloaded with the same starting files and structure<br><br>Marking a repo as a template lets others create fresh, unlinked repos seeded with its contents.<br><br>Reference: <a href=""https://docs.github.com/en/repositories/creating-and-managing-repositories/creating-a-template-repository"">Creating a template repository - GitHub Docs</a>","Unlike a fork, a repo generated from a template has no shared commit history and no link back to the source, giving a clean starting point.","GH-900 GitHubRepositories Templates"
"Where can a maintainer view traffic, clones, and contributor activity for a repository?<br><br>A) In the Actions tab, which is dedicated to running and reviewing automated workflow executions and their logs<br>B) In the repository's Insights tab, which shows analytics such as traffic, contributors, and dependency data<br>C) In the Security tab, which surfaces vulnerability alerts and code scanning results rather than usage statistics","B) In the repository's Insights tab, which shows analytics such as traffic, contributors, and dependency data<br><br>The Insights tab aggregates repository analytics including traffic, commits, contributors, and dependencies.<br><br>Reference: <a href=""https://docs.github.com/en/repositories/viewing-activity-and-data-for-your-repository/viewing-traffic-to-a-repository"">Viewing traffic to a repository - GitHub Docs</a>","Insights also includes the community standards checklist and the dependency graph. Actions shows workflow runs; Security shows alerts.","GH-900 GitHubRepositories Insights"
"What is the role of the default branch in a GitHub repository?<br><br>A) It is a read-only archival branch that stores historical releases and cannot receive any new commits after creation<br>B) It is the base branch shown by default and the target for new pull requests and clones, commonly named main<br>C) It is a hidden branch used exclusively by GitHub Actions to store workflow logs and temporary build artifacts","B) It is the base branch shown by default and the target for new pull requests and clones, commonly named main<br><br>The default branch is the primary branch presented to users and the default base for PRs and clones.<br><br>Reference: <a href=""https://docs.github.com/en/repositories/configuring-branches-and-merges-in-your-repository/managing-branches-in-your-repository/changing-the-default-branch"">Changing the default branch - GitHub Docs</a>","Historically 'master', the default branch is now typically 'main'. You can rename or change which branch is default in repository settings.","GH-900 GitHubRepositories Branching"
"A team wants specific people automatically requested for review whenever certain files change. Which file enables this?<br><br>A) The CONTRIBUTING.md file, which explains contribution guidelines but does not assign reviewers to any pull request<br>B) The CODEOWNERS file, which maps file paths to owners who are automatically requested to review matching changes<br>C) The SECURITY.md file, which documents how to report vulnerabilities but plays no role in review assignment","B) The CODEOWNERS file, which maps file paths to owners who are automatically requested to review matching changes<br><br>CODEOWNERS defines owners per path; matching pull requests automatically request those reviewers.<br><br>Reference: <a href=""https://docs.github.com/en/repositories/managing-your-repositorys-settings-and-features/customizing-your-repository/about-code-owners"">About code owners - GitHub Docs</a>","Combined with branch protection, code owner review can be made mandatory. CONTRIBUTING and SECURITY guide contributors but do not assign reviewers.","GH-900 GitHubRepositories CodeOwners"
"How can a user make a repository easier to discover by categorizing it around subjects like 'machine-learning' or 'cli'?<br><br>A) By adding repository topics, which are labels that categorize repositories and improve discoverability in search<br>B) By renaming the default branch to match the subject so that search engines index the repository more effectively<br>C) By creating an issue for each subject area and pinning those issues to the top of the repository's issue list","A) By adding repository topics, which are labels that categorize repositories and improve discoverability in search<br><br>Topics are searchable tags added to a repository to describe its purpose, language, or domain.<br><br>Reference: <a href=""https://docs.github.com/en/repositories/managing-your-repositorys-settings-and-features/customizing-your-repository/classifying-your-repository-with-topics"">Classifying your repository with topics - GitHub Docs</a>","Topics power exploration at github.com/topics. They differ from issue labels, which categorize issues and PRs within a single repository.","GH-900 GitHubRepositories Discoverability"
"What is the difference between starring and watching a repository on GitHub?<br><br>A) Starring subscribes you to every notification, while watching simply adds the repository to a private read-only list<br>B) Starring bookmarks a repository and shows appreciation, while watching subscribes you to its activity notifications<br>C) Starring grants you write access to the repository, while watching grants you read-only access to its source code","B) Starring bookmarks a repository and shows appreciation, while watching subscribes you to its activity notifications<br><br>Stars are bookmarks/signals of interest; watching controls your notification subscription for repo activity.<br><br>Reference: <a href=""https://docs.github.com/en/get-started/exploring-projects-on-github/saving-repositories-with-stars"">Saving repositories with stars - GitHub Docs</a>","Neither starring nor watching changes access permissions. Watching can be customized to all activity, participating only, or specific event types.","GH-900 GitHubRepositories Engagement"
"A project is no longer maintained but the team wants to keep it read-only and clearly signal its status. What should they do?<br><br>A) Delete the repository so it disappears entirely, then recreate it later if anyone ever needs the code again<br>B) Change the repository visibility to private so that only the original maintainers can continue to view the code<br>C) Archive the repository, which makes it read-only and clearly marks it as no longer actively maintained","C) Archive the repository, which makes it read-only and clearly marks it as no longer actively maintained<br><br>Archiving preserves the repo in a read-only state and displays a banner indicating it is no longer maintained.<br><br>Reference: <a href=""https://docs.github.com/en/repositories/archiving-a-github-repository/archiving-repositories"">Archiving repositories - GitHub Docs</a>","Archived repos can still be viewed, cloned, and starred but not modified. You can unarchive later. Deleting loses history and links; visibility is unrelated.","GH-900 GitHubRepositories RepositoryManagement"
"A developer wants to host a free static website directly from files in a GitHub repository. Which feature provides this?<br><br>A) GitHub Pages, which publishes a static website hosted directly from a branch or folder in the repository<br>B) GitHub Codespaces, which provisions a cloud development environment for editing and running code in the browser<br>C) GitHub Packages, which hosts and distributes software packages and container images tied to the repository","A) GitHub Pages, which publishes a static website hosted directly from a branch or folder in the repository<br><br>GitHub Pages serves static sites straight from a repository branch or /docs folder, optionally built with Jekyll.<br><br>Reference: <a href=""https://docs.github.com/en/pages/getting-started-with-github-pages/about-github-pages"">About GitHub Pages - GitHub Docs</a>","Pages is for static content (HTML/CSS/JS). Codespaces is a dev environment, and Packages is a package registry, neither of which hosts a public website.","GH-900 GitHubRepositories GitHubPages"
"Which GitHub search qualifier restricts a code search to results within a single repository?<br><br>A) The user: qualifier, which narrows results to every repository owned by a specified account across the platform<br>B) The repo:owner/name qualifier, which limits the search to code inside that one specific repository<br>C) The language: qualifier, which filters by programming language but does not confine results to any one repository","B) The repo:owner/name qualifier, which limits the search to code inside that one specific repository<br><br>The repo: qualifier scopes searches to a specific repository by owner and name.<br><br>Reference: <a href=""https://docs.github.com/en/search-github/searching-on-github/searching-code"">Searching code - GitHub Docs</a>","Combine qualifiers to refine results, e.g., repo:owner/name language:python. user: broadens to an account; language: filters by language across many repos.","GH-900 GitHubRepositories Search"
"A maintainer wants to know who last changed a specific line of code and in which commit. Which feature helps?<br><br>A) The blame view, which annotates each line of a file with the commit and author that last modified it<br>B) The releases page, which lists tagged versions and notes but does not attribute individual lines of code<br>C) The dependency graph, which shows external libraries the project relies on rather than authorship of lines","A) The blame view, which annotates each line of a file with the commit and author that last modified it<br><br>Git blame maps each line to the commit that last changed it, aiding investigation and code archaeology.<br><br>Reference: <a href=""https://docs.github.com/en/repositories/working-with-files/using-files/viewing-a-file"">Viewing a file - GitHub Docs</a>","Blame is great for understanding why a line exists. From a blame line you can jump to the commit and its pull request for full context.","GH-900 GitHubRepositories History"
"What is the key difference between forking a repository and cloning it?<br><br>A) Forking downloads the repository onto your computer, while cloning creates a server-side copy under your account on GitHub<br>B) Forking permanently transfers ownership of the original repository, while cloning simply grants you temporary read access to it<br>C) Forking creates a linked server-side copy under your account on GitHub, while cloning downloads a repository to your local machine","C) Forking creates a linked server-side copy under your account on GitHub, while cloning downloads a repository to your local machine<br><br>A fork is a server-side copy on GitHub linked to the original; a clone is a local download of a repository.<br><br>Reference: <a href=""https://docs.github.com/en/pull-requests/collaborating-with-pull-requests/working-with-forks/about-forks"">About forks - GitHub Docs</a>","A common flow combines both: fork on GitHub, then clone your fork locally. Forking does not transfer ownership; the original repo is unaffected.","GH-900 GitHubRepositories Forking"
"Where does GitHub look for community health files like CONTRIBUTING.md and CODE_OF_CONDUCT.md if they are not in a specific repository?<br><br>A) In a repository named .github owned by the same account or organization, which provides default community health files<br>B) In the repository's releases page, where GitHub stores fallback documentation that applies when no other files are present<br>C) In the account's public profile README, which GitHub reuses as the default contributing guide for every repository","A) In a repository named .github owned by the same account or organization, which provides default community health files<br><br>Default community health files placed in a special .github repository apply to all repos owned by that account or org that lack their own.<br><br>Reference: <a href=""https://docs.github.com/en/communities/setting-up-your-project-for-healthy-contributions/creating-a-default-community-health-file"">Creating a default community health file - GitHub Docs</a>","This centralizes CONTRIBUTING, CODE_OF_CONDUCT, and issue templates across many repos. A repo's own files always override the defaults.","GH-900 GitHubRepositories CommunityHealth"
"What is the primary purpose of a GitHub issue?<br><br>A) To automatically deploy the latest version of an application to production whenever the default branch is updated<br>B) To track a task, bug, enhancement, or question and enable discussion and assignment within a repository<br>C) To store the compiled build artifacts and binaries that result from a successful continuous integration run","B) To track a task, bug, enhancement, or question and enable discussion and assignment within a repository<br><br>Issues track work items and discussions, supporting labels, assignees, milestones, and references.<br><br>Reference: <a href=""https://docs.github.com/en/issues/tracking-your-work-with-issues/about-issues"">About issues - GitHub Docs</a>","Issues are the unit of planning and collaboration. They can be linked to pull requests and organized on GitHub Projects boards.","GH-900 CollaborationFeatures Issues"
"How are labels used within a repository's issues and pull requests?<br><br>A) They restrict which collaborators are permitted to comment on or close a given issue or pull request thread<br>B) They categorize and filter issues and pull requests, for example 'bug', 'documentation', or 'good first issue'<br>C) They automatically merge a pull request as soon as all required status checks have finished passing on it","B) They categorize and filter issues and pull requests, for example 'bug', 'documentation', or 'good first issue'<br><br>Labels tag issues and PRs for classification and filtering; they do not control permissions or merging.<br><br>Reference: <a href=""https://docs.github.com/en/issues/using-labels-and-milestones-to-track-work/managing-labels"">Managing labels - GitHub Docs</a>","Labels are repo-scoped and color-coded. 'good first issue' helps newcomers find approachable tasks. They organize work but grant no access.","GH-900 CollaborationFeatures Labels"
"A team wants to group issues and pull requests toward a target release with a due date and progress tracking. Which feature fits?<br><br>A) Milestones, which group issues and pull requests toward a goal and track completion progress and a due date<br>B) Reactions, which let users add emoji responses to comments to express agreement without adding extra noise<br>C) Saved replies, which store reusable text so maintainers can respond to common questions more quickly","A) Milestones, which group issues and pull requests toward a goal and track completion progress and a due date<br><br>Milestones bundle related issues/PRs toward a release goal and show a progress bar and optional due date.<br><br>Reference: <a href=""https://docs.github.com/en/issues/using-labels-and-milestones-to-track-work/about-milestones"">About milestones - GitHub Docs</a>","Milestones are ideal for sprint or release tracking. Labels categorize; milestones measure progress toward a dated goal.","GH-900 CollaborationFeatures Milestones"
"What does assigning a user to an issue accomplish?<br><br>A) It grants that user administrator permissions on the repository so they can change settings and manage other members<br>B) It automatically closes the issue and records the assigned user as the person who resolved the underlying problem<br>C) It indicates who is responsible for working on the issue, making ownership visible to the whole team","C) It indicates who is responsible for working on the issue, making ownership visible to the whole team<br><br>Assignees show who owns an issue or pull request; it does not change permissions or status.<br><br>Reference: <a href=""https://docs.github.com/en/issues/tracking-your-work-with-issues/assigning-issues-and-pull-requests-to-other-github-users"">Assigning issues and pull requests - GitHub Docs</a>","Multiple assignees are allowed. Assignment clarifies responsibility but does not alter access rights or automatically close anything.","GH-900 CollaborationFeatures Issues"
"What is the core function of a pull request on GitHub?<br><br>A) To propose merging changes from one branch into another, enabling review, discussion, and automated checks first<br>B) To permanently delete a feature branch after its work is complete without allowing any review of the changes<br>C) To download the latest changes from a remote repository into the developer's local working copy of the code","A) To propose merging changes from one branch into another, enabling review, discussion, and automated checks first<br><br>A pull request proposes changes for review before merging, integrating discussion and status checks.<br><br>Reference: <a href=""https://docs.github.com/en/pull-requests/collaborating-with-pull-requests/proposing-changes-to-your-work-with-pull-requests/about-pull-requests"">About pull requests - GitHub Docs</a>","PRs are the heart of collaboration on GitHub. Downloading remote changes is git pull; deleting a branch is a separate cleanup step after merge.","GH-900 CollaborationFeatures PullRequests"
"When should a developer open a draft pull request?<br><br>A) When they want the pull request to bypass all required status checks and merge instantly without any review<br>B) When work is still in progress and they want feedback but signal that it is not yet ready to merge<br>C) When they need to permanently archive an abandoned branch so that it can never be reopened or merged later","B) When work is still in progress and they want feedback but signal that it is not yet ready to merge<br><br>Draft PRs mark work as not ready to merge; they cannot be merged until marked ready for review.<br><br>Reference: <a href=""https://docs.github.com/en/pull-requests/collaborating-with-pull-requests/proposing-changes-to-your-work-with-pull-requests/about-pull-requests#draft-pull-requests"">About pull requests - GitHub Docs</a>","Drafts still run CI and allow comments but block merging and (optionally) code owner requests until you click 'Ready for review'.","GH-900 CollaborationFeatures PullRequests"
"During a pull request review, which three outcomes can a reviewer submit?<br><br>A) Approve, request changes, or comment<br>B) Merge immediately, delete the source branch, or permanently lock the entire conversation from further replies<br>C) Assign a milestone, add a label, or convert the pull request back into a plain issue for later triage","A) Approve, request changes, or comment<br><br>A review can approve the changes, request changes (blocking), or leave general comments.<br><br>Reference: <a href=""https://docs.github.com/en/pull-requests/collaborating-with-pull-requests/reviewing-changes-in-pull-requests/about-pull-request-reviews"">About pull request reviews - GitHub Docs</a>","'Request changes' can block merging when required. Comment leaves feedback without an explicit approval or block. These are review verdicts, not merge actions.","GH-900 CollaborationFeatures CodeReview"
"A repository requires at least two approving reviews before merging. Which mechanism enforces this?<br><br>A) A repository label named 'needs-review' that maintainers must manually remove before the merge button becomes active<br>B) A milestone due date that automatically prevents merging until the configured target release date has passed<br>C) A branch protection rule that requires a set number of approving pull request reviews before merging","C) A branch protection rule that requires a set number of approving pull request reviews before merging<br><br>Branch protection rules can require approvals, status checks, and other conditions before a merge is allowed.<br><br>Reference: <a href=""https://docs.github.com/en/repositories/configuring-branches-and-merges-in-your-repository/managing-protected-branches/about-protected-branches"">About protected branches - GitHub Docs</a>","Branch protection can also require passing checks, code owner review, and up-to-date branches. Labels and milestones do not enforce merge rules.","GH-900 CollaborationFeatures BranchProtection"
"How do GitHub Discussions differ from issues?<br><br>A) Discussions run automated CI pipelines, whereas issues are limited to storing static text and screenshots only<br>B) Discussions provide a forum for open-ended conversation and Q&A, while issues track actionable work items<br>C) Discussions are private to repository administrators, while issues are always visible to the entire public internet","B) Discussions provide a forum for open-ended conversation and Q&A, while issues track actionable work items<br><br>Discussions suit community questions, ideas, and announcements; issues track concrete, trackable tasks.<br><br>Reference: <a href=""https://docs.github.com/en/discussions/collaborating-with-your-community-using-discussions/about-discussions"">About discussions - GitHub Docs</a>","Discussions support Q&A with marked answers, categories, and upvotes. Convert a discussion to an issue when it becomes actionable work.","GH-900 CollaborationFeatures Discussions"
"A developer writes 'Closes #42' in a pull request description. What happens when the PR merges into the default branch?<br><br>A) Issue #42 is automatically closed and linked to the pull request that resolved it<br>B) The text is treated as a plain string, and issue #42 must still be closed manually by a maintainer afterward<br>C) A brand-new issue numbered 42 is created and immediately assigned to whoever authored the pull request","A) Issue #42 is automatically closed and linked to the pull request that resolved it<br><br>Keywords like 'closes', 'fixes', or 'resolves' followed by an issue reference auto-close the issue on merge.<br><br>Reference: <a href=""https://docs.github.com/en/issues/tracking-your-work-with-issues/linking-a-pull-request-to-an-issue"">Linking a pull request to an issue - GitHub Docs</a>","This only closes the issue when merged into the default branch. Supported keywords include close, closes, closed, fix, fixes, fixed, resolve, resolves, resolved.","GH-900 CollaborationFeatures Linking"
"What is the effect of typing @username in an issue or pull request comment?<br><br>A) It permanently assigns that user as the sole person responsible for resolving the issue or pull request<br>B) It mentions and notifies that user, drawing their attention to the comment or thread<br>C) It grants that user temporary write access to the repository so they can push commits to the branch","B) It mentions and notifies that user, drawing their attention to the comment or thread<br><br>@mentions notify the referenced user (or team) so they are alerted to the conversation.<br><br>Reference: <a href=""https://docs.github.com/en/get-started/writing-on-github/getting-started-with-writing-and-formatting-on-github/basic-writing-and-formatting-syntax#mentioning-people-and-teams"">Basic writing and formatting syntax - GitHub Docs</a>","You can @mention teams too. Mentioning notifies but does not assign or grant access; those are separate actions.","GH-900 CollaborationFeatures Mentions"
"Typing #123 in an issue comment creates what?<br><br>A) A cross-reference link to issue or pull request number 123 in the same repository<br>B) A new label named 123 that is instantly applied to the current issue for later filtering<br>C) A commit whose message is the number 123, recorded against the repository's default branch","A) A cross-reference link to issue or pull request number 123 in the same repository<br><br>The #number syntax auto-links to the referenced issue or PR, building a web of related work.<br><br>Reference: <a href=""https://docs.github.com/en/get-started/writing-on-github/working-with-advanced-formatting/autolinked-references-and-urls"">Autolinked references and URLs - GitHub Docs</a>","Cross-references appear as timeline events on the referenced item, helping trace relationships between issues and pull requests.","GH-900 CollaborationFeatures Linking"
"How do task lists in a Markdown issue body help track progress?<br><br>A) They render interactive checkboxes whose completion percentage is shown on the issue and in project views<br>B) They automatically assign each checkbox item to a different collaborator based on repository write permissions<br>C) They convert each unchecked item into a separate new issue as soon as the issue body is first saved","A) They render interactive checkboxes whose completion percentage is shown on the issue and in project views<br><br>Task list items with - [ ] and - [x] render as clickable checkboxes and show completion progress.<br><br>Reference: <a href=""https://docs.github.com/en/get-started/writing-on-github/working-with-advanced-formatting/about-task-lists"">About task lists - GitHub Docs</a>","Checking a box updates the issue in real time. Task lists are a lightweight way to break work into trackable sub-steps within one issue.","GH-900 CollaborationFeatures TaskLists"
"A user wants to control which repository events send them updates. Which feature governs this?<br><br>A) Repository forks, which create independent copies but do not influence which events send the user updates<br>B) Notification subscriptions and watch settings, which determine which repository events generate updates for the user<br>C) Pull request reviews, which record approvals or change requests but do not manage a user's update preferences","B) Notification subscriptions and watch settings, which determine which repository events generate updates for the user<br><br>Watching and subscription settings control which events (issues, PRs, releases) trigger notifications.<br><br>Reference: <a href=""https://docs.github.com/en/account-and-profile/managing-subscriptions-and-notifications-on-github/setting-up-notifications/about-notifications"">About notifications - GitHub Docs</a>","You can watch all activity, participating-and-mentions only, or custom event types. Notifications arrive in the inbox and optionally by email.","GH-900 CollaborationFeatures Notifications"
"A maintainer frequently types the same response to duplicate issues. Which feature speeds this up?<br><br>A) Saved replies, which store reusable comment text that can be inserted into issue and pull request responses<br>B) Milestones, which group related issues toward a release but do not store any reusable response text<br>C) Branch protection, which enforces review rules on merges and is unrelated to composing repeated comments","A) Saved replies, which store reusable comment text that can be inserted into issue and pull request responses<br><br>Saved replies let you store and quickly insert commonly used responses in issues and PRs.<br><br>Reference: <a href=""https://docs.github.com/en/get-started/writing-on-github/working-with-saved-replies/about-saved-replies"">About saved replies - GitHub Docs</a>","Saved replies are account-level, so they work across all your repositories. They cut repetitive typing for triage and support.","GH-900 CollaborationFeatures SavedReplies"
"With a CODEOWNERS file configured, what happens when a pull request modifies an owned path?<br><br>A) The pull request is blocked from opening entirely until every listed code owner has already left an approving review<br>B) The listed code owners are automatically requested as reviewers for that pull request<br>C) The pull request is merged automatically as soon as continuous integration checks finish, skipping human review","B) The listed code owners are automatically requested as reviewers for that pull request<br><br>When a PR touches an owned path, GitHub automatically requests review from the matching code owners.<br><br>Reference: <a href=""https://docs.github.com/en/repositories/managing-your-repositorys-settings-and-features/customizing-your-repository/about-code-owners"">About code owners - GitHub Docs</a>","With branch protection, code owner approval can be made required. By itself, CODEOWNERS requests reviewers but does not block opening or auto-merge.","GH-900 CollaborationFeatures CodeReview"
"A contributor forked a repository, made changes, and now wants them considered for the original project. What do they do?<br><br>A) Open a pull request from their fork's branch to the original repository's branch for the maintainers to review<br>B) Send the maintainers a downloadable ZIP archive of their fork so the maintainers can copy the files in manually<br>C) Push their fork's branch directly onto the original repository's default branch using their existing read access","A) Open a pull request from their fork's branch to the original repository's branch for the maintainers to review<br><br>Cross-fork pull requests let contributors propose changes from their fork to the upstream repository.<br><br>Reference: <a href=""https://docs.github.com/en/pull-requests/collaborating-with-pull-requests/proposing-changes-to-your-work-with-pull-requests/creating-a-pull-request-from-a-fork"">Creating a pull request from a fork - GitHub Docs</a>","Read access does not permit pushing to the upstream default branch. The fork-and-PR model is how external contributors participate in open source.","GH-900 CollaborationFeatures Forking"
"What is a GitHub repository wiki intended for?<br><br>A) Running scheduled automation jobs that build, test, and deploy the project on a recurring nightly basis<br>B) Hosting long-form documentation such as guides and references in editable, version-controlled pages<br>C) Storing encrypted secrets and API keys that continuous integration workflows read during a build","B) Hosting long-form documentation such as guides and references in editable, version-controlled pages<br><br>Wikis provide collaborative, versioned documentation pages separate from the main codebase.<br><br>Reference: <a href=""https://docs.github.com/en/communities/documenting-your-project-with-wikis/about-wikis"">About wikis - GitHub Docs</a>","Wikis are themselves Git repositories. For docs versioned with code, many teams prefer a /docs folder or GitHub Pages instead.","GH-900 CollaborationFeatures Wikis"
"A reviewer wants to see the exact line-by-line differences between two branches before opening a pull request. Which feature helps?<br><br>A) The compare view, which shows the commits and diff between two branches, tags, or commits<br>B) The Insights traffic graph, which reports clones and visitors but does not display code differences between branches<br>C) The releases page, which lists published versions and notes rather than a line-by-line comparison of branches","A) The compare view, which shows the commits and diff between two branches, tags, or commits<br><br>The compare view displays commits and a unified diff between any two refs, useful before creating a PR.<br><br>Reference: <a href=""https://docs.github.com/en/pull-requests/committing-changes-to-your-project/viewing-and-comparing-commits/comparing-commits"">Comparing commits - GitHub Docs</a>","You can even compare across forks. Opening a PR is essentially formalizing a compare view for review and merge.","GH-900 CollaborationFeatures CodeReview"
"What is the purpose of emoji reactions on issues, pull requests, and comments?<br><br>A) They let users quickly express agreement or sentiment without adding another full comment to the thread<br>B) They automatically escalate the item to repository administrators once a threshold number of reactions is reached<br>C) They lock the comment so that no further edits or replies can be added by anyone in the conversation","A) They let users quickly express agreement or sentiment without adding another full comment to the thread<br><br>Reactions provide lightweight feedback (like thumbs up) and reduce '+1' comment noise.<br><br>Reference: <a href=""https://docs.github.com/en/rest/reactions"">Reactions - GitHub Docs</a>","Reactions can help gauge community interest in feature requests without cluttering the discussion with duplicate comments.","GH-900 CollaborationFeatures Reactions"
"When merging a pull request, which merge method combines all of the branch's commits into a single new commit on the base branch?<br><br>A) The squash and merge option, which condenses all commits from the pull request into one commit on the base branch<br>B) The rebase and merge option, which replays each individual commit from the branch onto the tip of the base branch<br>C) The create a merge commit option, which preserves every branch commit and adds one extra merge commit joining them","A) The squash and merge option, which condenses all commits from the pull request into one commit on the base branch<br><br>Squash and merge collapses all PR commits into one, producing a clean, linear base history.<br><br>Reference: <a href=""https://docs.github.com/en/pull-requests/collaborating-with-pull-requests/incorporating-changes-from-a-pull-request/about-pull-request-merges"">About pull request merges - GitHub Docs</a>","Merge commit preserves full history with a merge node; rebase replays commits without a merge commit; squash yields one tidy commit. Choose per team convention.","GH-900 CollaborationFeatures Merging"
"A maintainer wants two or three key issues to appear at the top of the repository's issue list. Which feature accomplishes this?<br><br>A) Pinning the issues, which displays a limited number of selected issues at the top of the issues list<br>B) Adding a 'pinned' label, which changes the color of the selected issues but does not reorder the issues list<br>C) Assigning the issues to a milestone, which groups them by release but does not move them to the top of the list","A) Pinning the issues, which displays a limited number of selected issues at the top of the issues list<br><br>Pinned issues surface important items (like FAQs or roadmaps) at the top of the issues tab.<br><br>Reference: <a href=""https://docs.github.com/en/issues/tracking-your-work-with-issues/pinning-an-issue-to-your-repository"">Pinning an issue - GitHub Docs</a>","You can pin up to three issues per repository. Labels categorize and milestones group by goal, but neither reorders the list to the top.","GH-900 CollaborationFeatures Issues"
"How do issue templates improve bug reporting in a repository?<br><br>A) They automatically resolve reported bugs by generating a code fix and opening a pull request for the maintainer<br>B) They prompt reporters with a predefined structure so submitted issues include the information maintainers need<br>C) They restrict issue creation to repository administrators so that only trusted maintainers can file new reports","B) They prompt reporters with a predefined structure so submitted issues include the information maintainers need<br><br>Issue templates and forms standardize submissions, guiding reporters to include necessary details.<br><br>Reference: <a href=""https://docs.github.com/en/communities/using-templates-to-encourage-useful-issues-and-pull-requests/about-issue-and-pull-request-templates"">About issue and pull request templates - GitHub Docs</a>","Templates live in .github/ISSUE_TEMPLATE. Issue forms use YAML to create structured, validated fields. They improve quality but do not restrict who can file.","GH-900 CollaborationFeatures Templates"
"During a review, a reviewer proposes an exact code change that the author can apply with one click. Which feature is this?<br><br>A) A suggested change, which lets reviewers propose specific edits that the author can commit directly from the review<br>B) A required status check, which blocks merging until an automated test workflow reports a passing result<br>C) A saved reply, which inserts reusable comment text but cannot apply an actual code edit to the file","A) A suggested change, which lets reviewers propose specific edits that the author can commit directly from the review<br><br>Suggested changes let reviewers write exact edits in a suggestion block that the author commits with one click.<br><br>Reference: <a href=""https://docs.github.com/en/pull-requests/collaborating-with-pull-requests/reviewing-changes-in-pull-requests/incorporating-feedback-in-your-pull-request"">Incorporating feedback in your pull request - GitHub Docs</a>","Suggestions speed small fixes like typos. Multiple suggestions can be batched into a single commit. Status checks and saved replies do not edit code.","GH-900 CollaborationFeatures CodeReview"
"After a review thread's feedback is addressed, what does marking the conversation as resolved do?<br><br>A) It permanently deletes the comment thread and all of its replies from the pull request's history<br>B) It collapses the thread and marks it as handled, helping reviewers track which feedback remains open<br>C) It immediately merges the pull request into the base branch regardless of other pending review threads","B) It collapses the thread and marks it as handled, helping reviewers track which feedback remains open<br><br>Resolving a conversation collapses it and signals that the feedback has been addressed, keeping reviews organized.<br><br>Reference: <a href=""https://docs.github.com/en/pull-requests/collaborating-with-pull-requests/reviewing-changes-in-pull-requests/commenting-on-a-pull-request"">Commenting on a pull request - GitHub Docs</a>","Branch protection can require all conversations resolved before merging. Resolving preserves the thread (it is not deleted) and does not merge the PR.","GH-900 CollaborationFeatures CodeReview"
"What is GitHub Actions?<br><br>A) A built-in code editor that runs entirely in the browser for making quick edits to repository files online<br>B) A CI/CD and automation platform that runs workflows triggered by events in a repository<br>C) A vulnerability scanner that reviews dependencies for known security advisories and raises alerts about them","B) A CI/CD and automation platform that runs workflows triggered by events in a repository<br><br>GitHub Actions automates build, test, and deployment workflows in response to repository events.<br><br>Reference: <a href=""https://docs.github.com/en/actions/learn-github-actions/understanding-github-actions"">Understanding GitHub Actions - GitHub Docs</a>","Actions powers CI/CD and general automation (labeling, releases, notifications). Dependency scanning is Dependabot; the browser editor is github.dev.","GH-900 ModernDevelopment GitHubActions"
"Where must a GitHub Actions workflow file be stored to be recognized by a repository?<br><br>A) In the .github/workflows directory, using a YAML file that defines the workflow's triggers and jobs<br>B) In the repository root as a file named actions.json, which GitHub parses at the start of every push event<br>C) Inside the repository wiki as a Markdown page that GitHub converts into an executable workflow automatically","A) In the .github/workflows directory, using a YAML file that defines the workflow's triggers and jobs<br><br>Workflow definitions are YAML files placed in .github/workflows within the repository.<br><br>Reference: <a href=""https://docs.github.com/en/actions/using-workflows/about-workflows"">About workflows - GitHub Docs</a>","You can have multiple workflow files, each triggered by different events. YAML defines on (triggers), jobs, and steps.","GH-900 ModernDevelopment GitHubActions"
"In a GitHub Actions workflow, what does the 'on' key define?<br><br>A) The specific virtual machine operating system image that each job in the workflow will execute its steps on<br>B) The list of repository collaborators who are permitted to manually trigger and re-run the workflow's jobs<br>C) The events that trigger the workflow to run, such as push, pull_request, or a schedule","C) The events that trigger the workflow to run, such as push, pull_request, or a schedule<br><br>The 'on' key specifies which events start the workflow, like push, pull_request, or scheduled cron.<br><br>Reference: <a href=""https://docs.github.com/en/actions/using-workflows/events-that-trigger-workflows"">Events that trigger workflows - GitHub Docs</a>","The runner OS is set with runs-on, not on. Workflows can respond to many event types, including manual workflow_dispatch.","GH-900 ModernDevelopment GitHubActions"
"What is the difference between GitHub-hosted and self-hosted runners in GitHub Actions?<br><br>A) GitHub-hosted runners are maintained by GitHub on fresh virtual machines, while self-hosted runners run on infrastructure you manage<br>B) GitHub-hosted runners can only run public repositories, while self-hosted runners are the sole option available for any private repository<br>C) GitHub-hosted runners execute jobs sequentially forever, while self-hosted runners are the only runners capable of running jobs in parallel","A) GitHub-hosted runners are maintained by GitHub on fresh virtual machines, while self-hosted runners run on infrastructure you manage<br><br>GitHub provides managed, ephemeral runners; self-hosted runners let you use custom hardware or environments you control.<br><br>Reference: <a href=""https://docs.github.com/en/actions/using-github-hosted-runners/about-github-hosted-runners"">About GitHub-hosted runners - GitHub Docs</a>","Self-hosted runners suit special hardware, private networks, or specific software. Both support private repos and parallel jobs.","GH-900 ModernDevelopment GitHubActions"
"In GitHub Actions, how are jobs, steps, and actions related?<br><br>A) A step contains multiple jobs, and each job wraps a single action that runs when the whole workflow is triggered<br>B) A workflow contains jobs, each job contains steps, and a step can run a command or use a reusable action<br>C) An action contains jobs, and each job is a single command line that runs directly on the default branch of the repository","B) A workflow contains jobs, each job contains steps, and a step can run a command or use a reusable action<br><br>Workflows hold jobs; jobs hold ordered steps; steps run shell commands or call reusable actions.<br><br>Reference: <a href=""https://docs.github.com/en/actions/learn-github-actions/understanding-github-actions"">Understanding GitHub Actions - GitHub Docs</a>","Jobs run in parallel by default and can declare dependencies with 'needs'. Actions are reusable units shared via the Marketplace.","GH-900 ModernDevelopment GitHubActions"
"What is GitHub Copilot?<br><br>A) A dependency management service that upgrades outdated libraries and opens pull requests for the new versions automatically<br>B) A code review bot that enforces branch protection rules and blocks pull requests that fail required status checks<br>C) An AI pair programmer that suggests code and entire functions in the editor as you type","C) An AI pair programmer that suggests code and entire functions in the editor as you type<br><br>GitHub Copilot is an AI coding assistant that provides context-aware suggestions inside supported editors.<br><br>Reference: <a href=""https://docs.github.com/en/copilot/about-github-copilot/what-is-github-copilot"">What is GitHub Copilot - GitHub Docs</a>","Copilot suggests code, answers questions via chat, and helps write tests and docs. Dependency updates are Dependabot; review enforcement is branch protection.","GH-900 ModernDevelopment Copilot"
"What does GitHub Codespaces provide?<br><br>A) A cloud-hosted, configurable development environment that runs in the browser or an editor, backed by a container<br>B) A static website hosting service that publishes HTML directly from a branch or the /docs folder of a repository<br>C) A package registry that stores and distributes container images and language packages for a repository's builds","A) A cloud-hosted, configurable development environment that runs in the browser or an editor, backed by a container<br><br>Codespaces spins up ready-to-code cloud dev environments defined by a dev container configuration.<br><br>Reference: <a href=""https://docs.github.com/en/codespaces/overview"">GitHub Codespaces overview - GitHub Docs</a>","Codespaces removes 'works on my machine' setup by standardizing environments. Static hosting is Pages; package hosting is Packages.","GH-900 ModernDevelopment Codespaces"
"What can a user do with the GitHub Mobile app?<br><br>A) Compile and run full production builds of any repository directly on the phone without any cloud infrastructure<br>B) Triage notifications, review and comment on pull requests, and manage issues from a phone or tablet<br>C) Replace the entire GitHub web interface, including every organization-level billing and enterprise policy setting","B) Triage notifications, review and comment on pull requests, and manage issues from a phone or tablet<br><br>GitHub Mobile lets you manage notifications, issues, and pull requests on the go.<br><br>Reference: <a href=""https://docs.github.com/en/get-started/using-github/github-mobile"">GitHub Mobile - GitHub Docs</a>","Mobile is great for staying responsive to reviews and notifications. It complements, but does not fully replace, the web and desktop experiences.","GH-900 ModernDevelopment GitHubMobile"
"What is the GitHub Marketplace primarily used for?<br><br>A) Selling physical developer hardware and merchandise that GitHub ships directly to purchasing accounts worldwide<br>B) Hosting the source code of every public repository so that it can be searched and cloned in one central place<br>C) Discovering and installing apps and actions that extend and integrate with GitHub workflows","C) Discovering and installing apps and actions that extend and integrate with GitHub workflows<br><br>The Marketplace offers GitHub Apps and Actions that add functionality and integrations to your workflows.<br><br>Reference: <a href=""https://docs.github.com/en/apps/github-marketplace/github-marketplace-overview/about-github-marketplace-for-apps"">About GitHub Marketplace - GitHub Docs</a>","Marketplace items include CI tools, code quality apps, and reusable actions. Some are free; others are paid. It extends GitHub, not hosts all code.","GH-900 ModernDevelopment Marketplace"
"How does GitHub Actions typically enable continuous integration for a project?<br><br>A) By automatically building and testing code on each push or pull request and reporting the results as status checks<br>B) By preventing developers from ever pushing to any branch until an administrator manually reviews and approves the change<br>C) By encrypting all repository source code at rest so that only authenticated continuous integration servers can read it","A) By automatically building and testing code on each push or pull request and reporting the results as status checks<br><br>CI workflows run builds and tests on events and surface pass/fail results as status checks on pull requests.<br><br>Reference: <a href=""https://docs.github.com/en/actions/automating-builds-and-tests/about-continuous-integration"">About continuous integration - GitHub Docs</a>","Required status checks can block merges until CI passes. CI gives fast feedback so problems are caught before merging.","GH-900 ModernDevelopment CICD"
"What is the GitHub CLI (gh)?<br><br>A) A browser extension that overlays additional buttons on the GitHub website to speed up navigation between pages<br>B) A command-line tool that lets you work with issues, pull requests, and other GitHub features from the terminal<br>C) A replacement for Git itself that stores commit history in a proprietary format incompatible with standard Git clients","B) A command-line tool that lets you work with issues, pull requests, and other GitHub features from the terminal<br><br>The GitHub CLI brings GitHub workflows (issues, PRs, releases, Actions) to the command line.<br><br>Reference: <a href=""https://docs.github.com/en/github-cli/github-cli/about-github-cli"">About GitHub CLI - GitHub Docs</a>","gh complements Git, not replaces it. For example, 'gh pr create' opens a pull request without leaving the terminal.","GH-900 ModernDevelopment GitHubCLI"
"What does Dependabot version updates do for a repository?<br><br>A) It automatically opens pull requests to keep a project's dependencies up to date with newer versions<br>B) It scans committed code for hardcoded secrets such as API keys and revokes them with the provider automatically<br>C) It runs the project's unit test suite on every push and blocks merging when any of the tests fail","A) It automatically opens pull requests to keep a project's dependencies up to date with newer versions<br><br>Dependabot version updates monitor dependencies and open PRs to upgrade them on a schedule.<br><br>Reference: <a href=""https://docs.github.com/en/code-security/dependabot/dependabot-version-updates/about-dependabot-version-updates"">About Dependabot version updates - GitHub Docs</a>","Dependabot security updates specifically target vulnerable versions. Secret scanning handles leaked credentials; CI runs tests.","GH-900 ModernDevelopment Dependabot"
"How should sensitive values like API keys be provided to a GitHub Actions workflow?<br><br>A) By hardcoding them directly into the workflow YAML file so that every job step can read them without extra setup<br>B) By committing them to a plaintext file in the repository root and reading that file at the start of each job<br>C) By storing them as encrypted repository or organization secrets and referencing them in the workflow","C) By storing them as encrypted repository or organization secrets and referencing them in the workflow<br><br>Encrypted secrets keep credentials out of source code and are injected into workflows at runtime.<br><br>Reference: <a href=""https://docs.github.com/en/actions/security-guides/using-secrets-in-github-actions"">Using secrets in GitHub Actions - GitHub Docs</a>","Secrets are masked in logs. Never commit credentials to the repo; secret scanning exists precisely because this is a common, dangerous mistake.","GH-900 ModernDevelopment GitHubActions"
"What is the purpose of a dev container (devcontainer.json) configuration used by Codespaces?<br><br>A) It records which collaborators are allowed to open a Codespace for the repository and how long each may run<br>B) It defines the tools, extensions, and settings so every Codespace for the repository starts from a consistent environment<br>C) It lists the repository's runtime dependencies for Dependabot so that outdated packages can be flagged for updates","B) It defines the tools, extensions, and settings so every Codespace for the repository starts from a consistent environment<br><br>The dev container config specifies the image, tools, and settings so environments are reproducible.<br><br>Reference: <a href=""https://docs.github.com/en/codespaces/setting-up-your-project-for-codespaces/adding-a-dev-container-configuration/introduction-to-dev-containers"">Introduction to dev containers - GitHub Docs</a>","Dev containers standardize onboarding so contributors get identical, ready-to-code setups. Dependency tracking is a separate concern handled by Dependabot.","GH-900 ModernDevelopment Codespaces"
"What is a webhook in the context of GitHub integrations?<br><br>A) An HTTP callback that GitHub sends to an external service when a subscribed repository event occurs<br>B) A protected branch setting that requires all pull requests to pass automated tests before they can be merged<br>C) A special comment syntax that links an issue to a pull request and closes the issue when the PR merges","A) An HTTP callback that GitHub sends to an external service when a subscribed repository event occurs<br><br>Webhooks deliver event payloads to a configured URL, enabling real-time integrations with external systems.<br><br>Reference: <a href=""https://docs.github.com/en/webhooks/about-webhooks"">About webhooks - GitHub Docs</a>","Webhooks power chat notifications, CI triggers, and custom automation. They push data out to your endpoint when events happen.","GH-900 ModernDevelopment Integrations"
"What are GitHub Projects (the current Projects experience) designed to do?<br><br>A) Provide a flexible, spreadsheet-and-board planning tool that organizes issues and pull requests into customizable views<br>B) Host the project's compiled binaries and release assets so that end users can download specific versions of the software<br>C) Automatically generate the project's source code from a natural-language description of the desired application","A) Provide a flexible, spreadsheet-and-board planning tool that organizes issues and pull requests into customizable views<br><br>Projects is an adaptable planning tool that connects issues and PRs into tables, boards, and roadmaps.<br><br>Reference: <a href=""https://docs.github.com/en/issues/planning-and-tracking-with-projects/learning-about-projects/about-projects"">About Projects - GitHub Docs</a>","Projects can live at the user or organization level and span multiple repositories. It plans work; releases distribute binaries.","GH-900 ProjectManagement Projects"
"In GitHub Projects, what is the difference between the board layout and the table layout for the same items?<br><br>A) The board layout permanently deletes closed items, while the table layout is the only layout that retains completed work<br>B) The board shows items as cards in columns for a kanban-style flow, while the table shows them as sortable, filterable rows<br>C) The board can only display issues, while the table is the sole layout capable of displaying pull requests in a project","B) The board shows items as cards in columns for a kanban-style flow, while the table shows them as sortable, filterable rows<br><br>Board layout gives a kanban view; table layout gives a spreadsheet-like grid. Both show the same underlying items.<br><br>Reference: <a href=""https://docs.github.com/en/issues/planning-and-tracking-with-projects/customizing-views-in-your-project/changing-the-layout-of-a-view"">Changing the layout of a view - GitHub Docs</a>","Layouts are just different views of one dataset; switching does not delete anything. Both handle issues and PRs.","GH-900 ProjectManagement Projects"
"How do custom fields enhance a GitHub Project?<br><br>A) They restrict which repositories can be linked to the project so that only approved teams may add their issues<br>B) They let you add metadata such as priority, status, iteration, or effort to items for richer tracking and filtering<br>C) They automatically write the project's status update text and email it to every stakeholder at the end of each week","B) They let you add metadata such as priority, status, iteration, or effort to items for richer tracking and filtering<br><br>Custom fields (text, number, date, single-select, iteration) add structured data used to group, sort, and filter.<br><br>Reference: <a href=""https://docs.github.com/en/issues/planning-and-tracking-with-projects/understanding-fields/about-custom-fields"">About custom fields - GitHub Docs</a>","Single-select and iteration fields are especially useful for status columns and sprint planning. Fields drive views, grouping, and insights.","GH-900 ProjectManagement Projects"
"A team wants to visualize project items on a timeline against date fields to plan across weeks. Which Projects view fits best?<br><br>A) The roadmap layout, which plots items on a timeline using their date or iteration fields for planning across time<br>B) The board layout, which arranges items into kanban columns but does not place them on a calendar timeline<br>C) The table layout, which lists items as rows and columns but does not render a horizontal timeline of dates","A) The roadmap layout, which plots items on a timeline using their date or iteration fields for planning across time<br><br>The roadmap layout visualizes items along a timeline based on date and iteration fields.<br><br>Reference: <a href=""https://docs.github.com/en/issues/planning-and-tracking-with-projects/customizing-views-in-your-project/customizing-the-roadmap-layout"">Customizing the roadmap layout - GitHub Docs</a>","Roadmap is ideal for long-range planning and dependencies over time. Board and table lack the timeline visualization.","GH-900 ProjectManagement Projects"
"How can a GitHub Project reduce manual effort when an issue is closed?<br><br>A) By using built-in workflows that automatically update an item's status, for example moving closed issues to Done<br>B) By requiring a maintainer to manually drag each closed issue into the Done column before it disappears from the board<br>C) By deleting the closed issue from the repository entirely so it no longer appears in any project or search result","A) By using built-in workflows that automatically update an item's status, for example moving closed issues to Done<br><br>Projects include built-in automation workflows that set status when items are added, closed, or merged.<br><br>Reference: <a href=""https://docs.github.com/en/issues/planning-and-tracking-with-projects/automating-your-project/using-the-built-in-automations"">Using the built-in automations - GitHub Docs</a>","Automations reduce manual board maintenance. Closing an issue does not delete it; automation simply updates its project status.","GH-900 ProjectManagement Automation"
"How do milestones complement GitHub Projects for release tracking?<br><br>A) Milestones replace projects entirely by providing the same customizable board and table views with automation<br>B) Milestones group issues and pull requests toward a dated goal and show a completion percentage for that goal<br>C) Milestones store encrypted deployment credentials that project automation workflows use to publish a release","B) Milestones group issues and pull requests toward a dated goal and show a completion percentage for that goal<br><br>Milestones aggregate issues/PRs toward a target with a due date and progress bar, useful alongside Projects.<br><br>Reference: <a href=""https://docs.github.com/en/issues/using-labels-and-milestones-to-track-work/about-milestones"">About milestones - GitHub Docs</a>","Milestones are repo-scoped goals; Projects are flexible cross-repo planning boards. Teams often use both together.","GH-900 ProjectManagement Milestones"
"How is an existing issue added to a GitHub Project?<br><br>A) By forking the issue's repository, which automatically copies all of its open issues into a newly generated project<br>B) By adding the issue to the project from the issue sidebar or by pasting its URL into the project view<br>C) By converting the issue into a pull request, which is the only supported way to make it appear inside a project","B) By adding the issue to the project from the issue sidebar or by pasting its URL into the project view<br><br>Issues can be added to a project via the issue's Projects sidebar or by adding their URL in the project.<br><br>Reference: <a href=""https://docs.github.com/en/issues/planning-and-tracking-with-projects/managing-items-in-your-project/adding-items-to-your-project"">Adding items to your project - GitHub Docs</a>","One issue can belong to multiple projects. Forking copies a repo, not project membership, and issues need not become PRs to be tracked.","GH-900 ProjectManagement Projects"
"How do labels support triage within a project or repository?<br><br>A) They categorize issues and pull requests so teams can filter and prioritize, such as separating bugs from enhancements<br>B) They assign a fixed due date to each issue and automatically close the issue when that date has finally arrived<br>C) They grant selected contributors permission to merge pull requests without waiting for any required reviews","A) They categorize issues and pull requests so teams can filter and prioritize, such as separating bugs from enhancements<br><br>Labels classify items for filtering and prioritization during triage; they do not set dates or permissions.<br><br>Reference: <a href=""https://docs.github.com/en/issues/using-labels-and-milestones-to-track-work/managing-labels"">Managing labels - GitHub Docs</a>","In Projects you can also use single-select custom fields for status. Labels remain a simple, repo-wide way to triage and filter.","GH-900 ProjectManagement Triage"
"A project manager wants to see all in-progress items grouped by assignee in a project. Which Projects capability enables this?<br><br>A) Filtering and grouping the view by field values, such as grouping by assignee and filtering by a status field<br>B) Archiving the repository so that only in-progress items remain visible to the whole team in the project board<br>C) Creating a separate milestone for every assignee so that each person's items appear in their own release goal","A) Filtering and grouping the view by field values, such as grouping by assignee and filtering by a status field<br><br>Project views support filtering by field values and grouping to slice items by assignee, status, or other fields.<br><br>Reference: <a href=""https://docs.github.com/en/issues/planning-and-tracking-with-projects/customizing-views-in-your-project/filtering-projects"">Filtering projects - GitHub Docs</a>","Saved views let each team member keep a preferred slice. Grouping and filtering are far more flexible than per-assignee milestones.","GH-900 ProjectManagement Projects"
"How do issues and GitHub Projects relate to each other?<br><br>A) An issue is a single trackable work item, while a project organizes many issues and pull requests into planning views<br>B) A project is a single work item, while an issue is the board that organizes many projects into columns and timelines<br>C) Issues and projects are interchangeable names for the same feature, and either term can be used without any difference","A) An issue is a single trackable work item, while a project organizes many issues and pull requests into planning views<br><br>Issues represent individual work items; Projects aggregate and organize many items for planning.<br><br>Reference: <a href=""https://docs.github.com/en/issues/planning-and-tracking-with-projects/learning-about-projects/about-projects"">About Projects - GitHub Docs</a>","Think of issues as the tasks and Projects as the planning surface that arranges those tasks into boards, tables, and roadmaps.","GH-900 ProjectManagement Projects"
"Why is enabling two-factor authentication (2FA) on a GitHub account important?<br><br>A) It automatically encrypts every private repository the account owns so their contents cannot be read by other members<br>B) It removes the need to ever rotate personal access tokens because the second factor keeps those tokens valid indefinitely<br>C) It adds a second verification step beyond the password, greatly reducing the risk of account compromise","C) It adds a second verification step beyond the password, greatly reducing the risk of account compromise<br><br>2FA requires a second factor (app code, security key, or passkey) in addition to the password, protecting the account.<br><br>Reference: <a href=""https://docs.github.com/en/authentication/securing-your-account-with-two-factor-authentication-2fa/about-two-factor-authentication"">About two-factor authentication - GitHub Docs</a>","GitHub now mandates 2FA for many contributors. 2FA protects sign-in; it does not encrypt repositories or make tokens permanent.","GH-900 SecurityAndAdministration Authentication"
"What does GitHub secret scanning do?<br><br>A) It runs the repository's automated test suite on each pull request and blocks merging when any test fails<br>B) It detects known secret formats such as API keys and tokens committed to a repository and alerts on them<br>C) It upgrades outdated dependencies by opening pull requests that bump each package to its latest available version","B) It detects known secret formats such as API keys and tokens committed to a repository and alerts on them<br><br>Secret scanning searches commits for known credential patterns and alerts (and can push protection to block them).<br><br>Reference: <a href=""https://docs.github.com/en/code-security/secret-scanning/about-secret-scanning"">About secret scanning - GitHub Docs</a>","Push protection can block a commit containing a secret before it lands. Partners can be notified to revoke leaked credentials automatically.","GH-900 SecurityAndAdministration SecretScanning"
"What do Dependabot alerts notify a repository about?<br><br>A) Dependencies that have known security vulnerabilities, so maintainers can update to a patched version<br>B) Pull requests that have been open longer than a configured number of days without receiving any review<br>C) Collaborators who have not enabled two-factor authentication on their accounts within the organization","A) Dependencies that have known security vulnerabilities, so maintainers can update to a patched version<br><br>Dependabot alerts flag dependencies with known vulnerabilities from the advisory database.<br><br>Reference: <a href=""https://docs.github.com/en/code-security/dependabot/dependabot-alerts/about-dependabot-alerts"">About Dependabot alerts - GitHub Docs</a>","Alerts can be paired with Dependabot security updates that auto-open fix PRs. They rely on the dependency graph and GitHub Advisory Database.","GH-900 SecurityAndAdministration Dependabot"
"What is the purpose of GitHub code scanning (for example with CodeQL)?<br><br>A) To analyze source code for security vulnerabilities and coding errors and surface them as alerts<br>B) To measure how many lines of code each contributor has added so managers can rank developer productivity<br>C) To automatically format source code according to a style guide every time a commit is pushed to a branch","A) To analyze source code for security vulnerabilities and coding errors and surface them as alerts<br><br>Code scanning statically analyzes code (e.g., with CodeQL) to find security issues and bugs, reporting alerts.<br><br>Reference: <a href=""https://docs.github.com/en/code-security/code-scanning/introduction-to-code-scanning/about-code-scanning"">About code scanning - GitHub Docs</a>","Code scanning can run on pull requests to catch issues before merge. It analyzes code for flaws, unlike Dependabot which checks dependencies.","GH-900 SecurityAndAdministration CodeScanning"
"What is the purpose of a repository security advisory?<br><br>A) It lets maintainers privately discuss, fix, and then publish details of a vulnerability in their project<br>B) It automatically deploys a patched release to all users who have installed the affected version of the software<br>C) It permanently blocks any contributor who reported a vulnerability from opening future issues in the repository","A) It lets maintainers privately discuss, fix, and then publish details of a vulnerability in their project<br><br>Security advisories provide a private space to coordinate a fix and then disclose the vulnerability responsibly.<br><br>Reference: <a href=""https://docs.github.com/en/code-security/security-advisories/repository-security-advisories/about-repository-security-advisories"">About repository security advisories - GitHub Docs</a>","Advisories support private forks for collaboration and can request CVE IDs. Coordinated disclosure protects users until a fix is available.","GH-900 SecurityAndAdministration SecurityAdvisories"
"A maintainer wants a collaborator who can manage issues and pull requests, including labeling and closing them, but not push code. Which repository role fits best?<br><br>A) The Admin role, which grants full control over the repository including settings, security, and deletion<br>B) The Triage role, which allows managing issues and pull requests without granting write access to the code<br>C) The Read role, which allows viewing and cloning the repository but not managing issues or pull requests","B) The Triage role, which allows managing issues and pull requests without granting write access to the code<br><br>Triage lets a user manage issues/PRs (label, assign, close) without push access to the codebase.<br><br>Reference: <a href=""https://docs.github.com/en/organizations/managing-user-access-to-your-organizations-repositories/managing-repository-roles/repository-roles-for-an-organization"">Repository roles for an organization - GitHub Docs</a>","Repo roles escalate: Read, Triage, Write, Maintain, Admin. Grant the least privilege needed. Read cannot manage issues; Admin is far more than required here.","GH-900 SecurityAndAdministration Permissions"
"How do teams help manage access within a GitHub organization?<br><br>A) Teams group members so permissions can be granted to many people at once, and teams can be nested to mirror structure<br>B) Teams are billing units that determine how many private repositories each individual member is personally allowed to create<br>C) Teams are automated bots that review pull requests and merge them once all of the required status checks have passed","A) Teams group members so permissions can be granted to many people at once, and teams can be nested to mirror structure<br><br>Teams let organizations assign repository access to groups of members and support nesting for hierarchy.<br><br>Reference: <a href=""https://docs.github.com/en/organizations/organizing-members-into-teams/about-teams"">About teams - GitHub Docs</a>","Nested teams inherit parent access, simplifying management. Teams can also be @mentioned and set as code owners. They manage access, not billing.","GH-900 SecurityAndAdministration Teams"
"What distinguishes an organization owner from an organization member?<br><br>A) Owners can only view repositories, while members hold the exclusive ability to change organization-wide security settings<br>B) Owners and members have identical permissions, and the labels exist purely for display on the organization's people page<br>C) Owners have full administrative control over the organization, while members have limited access based on their granted roles","C) Owners have full administrative control over the organization, while members have limited access based on their granted roles<br><br>Owners manage all org settings, billing, and members; members get access according to team and repo roles.<br><br>Reference: <a href=""https://docs.github.com/en/organizations/managing-peoples-access-to-your-organization-with-roles/roles-in-an-organization"">Roles in an organization - GitHub Docs</a>","Limit the number of owners to reduce risk. Members can be granted specific repository and team permissions without full org control.","GH-900 SecurityAndAdministration Permissions"
"What information does an organization's audit log provide?<br><br>A) A record of activity and changes, such as permission updates and repository actions, for review and compliance<br>B) A ranked list of the most active contributors so administrators can reward the top performers each month<br>C) A queue of automated dependency update pull requests that are waiting for a maintainer to review and merge","A) A record of activity and changes, such as permission updates and repository actions, for review and compliance<br><br>The audit log records who did what and when across the organization, supporting security and compliance reviews.<br><br>Reference: <a href=""https://docs.github.com/en/organizations/keeping-your-organization-secure/managing-security-settings-for-your-organization/reviewing-the-audit-log-for-your-organization"">Reviewing the audit log - GitHub Docs</a>","Audit logs help investigate incidents and demonstrate compliance. They can often be exported or streamed to external systems for retention.","GH-900 SecurityAndAdministration AuditLog"
"For authenticating Git operations over HTTPS, what does GitHub recommend instead of using an account password?<br><br>A) Reusing the same static password across every device so that Git operations remain simple and consistent to configure<br>B) A personal access token (or other supported credential) that can be scoped and revoked independently of the account password<br>C) Disabling authentication entirely for private repositories so that trusted collaborators never need to sign in at all","B) A personal access token (or other supported credential) that can be scoped and revoked independently of the account password<br><br>GitHub requires token-based authentication (PATs, SSH keys, or GitHub App tokens) instead of passwords for Git over HTTPS.<br><br>Reference: <a href=""https://docs.github.com/en/authentication/keeping-your-account-and-data-secure/managing-your-personal-access-tokens"">Managing your personal access tokens - GitHub Docs</a>","Fine-grained PATs let you scope access to specific repos and permissions and set expirations. SSH keys are another supported option for Git operations.","GH-900 SecurityAndAdministration Authentication"
"What does GitHub Sponsors enable?<br><br>A) Automatically distributing a project's advertising revenue equally among every contributor who has ever merged a pull request<br>B) Providing financial support to open-source developers and organizations directly through their GitHub profiles<br>C) Selling proprietary closed-source licenses on a developer's behalf and handling all customer billing and support inquiries","B) Providing financial support to open-source developers and organizations directly through their GitHub profiles<br><br>GitHub Sponsors lets the community fund maintainers and projects with recurring or one-time payments.<br><br>Reference: <a href=""https://docs.github.com/en/sponsors/getting-started-with-github-sponsors/about-github-sponsors"">About GitHub Sponsors - GitHub Docs</a>","Sponsorship helps sustain open source financially. It is voluntary funding, not ad revenue sharing or license reselling.","GH-900 GitHubCommunity Sponsors"
"An enterprise wants to share code internally across all teams to encourage reuse and collaboration, following an InnerSource model. Which approach supports this?<br><br>A) Marking every internal project as a public repository so that external contributors can also participate and reuse the code<br>B) Restricting each project to a single private repository that only its immediate team members are permitted to view<br>C) Using internal repositories so all enterprise members can view and contribute, applying open-source practices inside the company","C) Using internal repositories so all enterprise members can view and contribute, applying open-source practices inside the company<br><br>Internal repositories enable InnerSource: open-source-style collaboration visible to the whole enterprise but not the public.<br><br>Reference: <a href=""https://docs.github.com/en/get-started/using-github/exploring-early-access-releases-with-feature-preview"">GitHub Docs</a>","InnerSource brings open-source transparency and reuse inside an organization. Public exposes code externally; strictly private siloes it per team.","GH-900 GitHubCommunity InnerSource"
"Beyond apps and actions, how does the GitHub Marketplace benefit the developer community?<br><br>A) It provides a central place to discover both free and paid tools that integrate with and extend GitHub workflows<br>B) It hosts the only official copy of every open-source repository, replacing the need to clone projects individually<br>C) It guarantees that all listed tools are maintained by GitHub itself and therefore never require any security review","A) It provides a central place to discover both free and paid tools that integrate with and extend GitHub workflows<br><br>The Marketplace centralizes discovery of community and partner tools that extend GitHub for many workflows.<br><br>Reference: <a href=""https://docs.github.com/en/apps/github-marketplace/github-marketplace-overview/about-github-marketplace-for-apps"">About GitHub Marketplace - GitHub Docs</a>","Listings come from many publishers, not just GitHub, so you still evaluate trust and permissions. It aids discovery, not code hosting.","GH-900 GitHubCommunity Marketplace"
"Which statement correctly describes GitHub's paid product plans for accounts?<br><br>A) GitHub offers only a single paid plan, and every feature including advanced security is bundled into that one tier<br>B) GitHub offers Free, Team, and Enterprise plans, with higher tiers adding features like advanced administration and support<br>C) GitHub charges per repository created, so accounts are billed a separate recurring fee for every individual repository they own","B) GitHub offers Free, Team, and Enterprise plans, with higher tiers adding features like advanced administration and support<br><br>GitHub provides tiered plans (Free, Team, Enterprise) that unlock progressively more collaboration, administration, and support features.<br><br>Reference: <a href=""https://docs.github.com/en/get-started/learning-about-github/githubs-plans"">GitHub's plans - GitHub Docs</a>","Free already includes unlimited public and private repos with basic features. Higher tiers add controls like SAML SSO, advanced auditing, and support.","GH-900 GitHubCommunity Products"
